event_id,time_utc,magnitude,magnitude_type
us6000pgsd,2025-01-01T04:39:18.208Z,5.500,mww
us6000pgtj,2025-01-01T08:09:47.701Z,5.000,mww
us6000pgu0,2025-01-01T09:39:42.334Z,5.000,mww
us6000pgup,2025-01-01T12:26:22.490Z,5.100,mww
us6000pgv4,2025-01-01T13:48:24.752Z,6.100,mww
us6000pgx1,2025-01-01T18:27:51.182Z,5.300,mww
us6000pgy5,2025-01-01T21:27:41.595Z,5.200,mb
us6000pgz5,2025-01-02T01:11:04.639Z,5.100,mb
us6000pgzq,2025-01-02T02:54:17.931Z,5.500,mww
us6000ph0e,2025-01-02T05:32:23.434Z,5.100,mb
us6000ph16,2025-01-02T07:06:39.333Z,5.400,mww
us6000ph1c,2025-01-02T07:41:30.364Z,5.100,mww
us6000ph9f,2025-01-02T15:57:07.193Z,5.000,mww
us6000phap,2025-01-02T20:43:35.253Z,6.100,mww
us6000phb3,2025-01-02T21:18:26.833Z,5.400,mww
us6000phc9,2025-01-03T01:47:28.923Z,5.100,mww
us6000phce,2025-01-03T02:33:17.419Z,5.500,mww
us6000phdf,2025-01-03T04:32:38.138Z,5.000,mb
us6000phl5,2025-01-03T14:27:16.790Z,5.200,mww
us6000phnz,2025-01-03T17:01:46.324Z,5.500,mww
us6000phr5,2025-01-03T22:55:26.242Z,5.000,mww
us6000phrk,2025-01-04T00:52:21.078Z,5.700,mww
us6000phw1,2025-01-04T20:05:45.606Z,5.000,mb
us6000phws,2025-01-04T22:23:37.252Z,5.300,mww
us6000phz2,2025-01-05T09:16:42.355Z,5.100,mww
us6000pi09,2025-01-05T17:18:45.784Z,6.200,mww
us6000pi0k,2025-01-05T17:24:43.116Z,5.000,mww
us6000pi39,2025-01-06T00:52:11.514Z,5.200,mww
us6000pi67,2025-01-06T15:26:46.849Z,5.200,mb
us6000pi7a,2025-01-06T16:44:39.772Z,5.100,mww
us6000pi7c,2025-01-06T16:59:50.092Z,5.200,mww
us6000pi8v,2025-01-06T21:20:45.820Z,5.000,mww
us6000pi9w,2025-01-07T01:05:16.734Z,7.100,mww
us6000pks1,2025-01-07T01:09:13.529Z,5.400,mb
us6000pks6,2025-01-07T01:10:54.880Z,5.200,mb
us6000pia7,2025-01-07T01:13:27.197Z,5.200,mb
us6000pkpp,2025-01-07T01:14:42.239Z,5.200,mb
us6000piak,2025-01-07T01:24:25.911Z,5.000,mb
us6000piar,2025-01-07T01:37:13.647Z,5.000,mb
us6000pic9,2025-01-07T04:15:30.187Z,5.000,mb
us6000pida,2025-01-07T08:31:30.553Z,5.600,mww
us6000pifb,2025-01-07T16:38:59.524Z,5.200,mww
us6000pife,2025-01-07T17:23:48.611Z,5.300,mww
us6000pifl,2025-01-07T17:52:21.671Z,5.000,mb
us6000pihw,2025-01-08T00:53:28.175Z,5.300,mww
us6000piij,2025-01-08T03:51:21.676Z,5.000,mb
us6000pijd,2025-01-08T07:44:22.866Z,5.500,mww
us6000piks,2025-01-08T14:15:59.970Z,5.000,mb
us6000piqu,2025-01-08T21:31:26.393Z,5.300,mww
us6000pisp,2025-01-09T02:43:58.720Z,5.000,mww
us6000pixh,2025-01-09T16:31:45.323Z,5.800,mww
us6000pj2q,2025-01-10T01:34:40.147Z,5.300,mb
us6000pj4s,2025-01-10T08:14:32.949Z,5.600,mww
us6000pj66,2025-01-10T14:31:33.406Z,5.200,mww
us6000pjby,2025-01-11T00:19:00.999Z,5.200,mww
us6000pjed,2025-01-11T07:51:49.299Z,5.000,mb
us6000pjfb,2025-01-11T15:19:44.936Z,5.200,mww
us6000pjg2,2025-01-11T20:13:28.437Z,5.100,mb
us6000pjg3,2025-01-11T20:21:15.676Z,5.000,mb
us6000pjig,2025-01-12T08:32:49.944Z,6.200,mww
us6000pjk4,2025-01-12T15:03:57.239Z,5.000,mb
us6000pjlq,2025-01-13T00:19:47.641Z,5.400,mww
us6000pjm2,2025-01-13T02:20:54.549Z,5.000,mww
us6000pjn2,2025-01-13T07:08:04.121Z,5.000,mww
us6000pjnv,2025-01-13T11:41:09.141Z,5.000,mb
us6000pjny,2025-01-13T12:19:32.252Z,6.800,mww
us6000pjp4,2025-01-13T12:24:06.542Z,5.400,mww
us6000pjp8,2025-01-13T12:54:37.585Z,5.000,mb
us6000pjp9,2025-01-13T12:57:37.995Z,5.000,mb
us6000pjpb,2025-01-13T12:58:22.257Z,5.100,mb
us6000pjqa,2025-01-13T16:14:57.255Z,5.200,mb
us6000pjqv,2025-01-13T17:52:08.992Z,5.000,mb
us6000pjvf,2025-01-14T04:12:22.044Z,5.000,mb
us6000pjw8,2025-01-14T08:05:21.537Z,5.200,mww
us6000pjx0,2025-01-14T14:09:23.297Z,5.200,mww
us6000pjx5,2025-01-14T14:55:56.553Z,5.000,mb
us6000pjxl,2025-01-14T17:12:39.509Z,5.300,mww
us6000pjym,2025-01-14T19:02:04.457Z,5.600,mww
us6000pjz0,2025-01-14T19:40:24.723Z,5.100,mb
us6000pk28,2025-01-15T02:08:39.540Z,5.000,mb
us6000pk2k,2025-01-15T04:20:47.191Z,5.100,mww
us6000pk3x,2025-01-15T07:32:20.793Z,5.000,mww
us6000pk50,2025-01-15T12:06:36.533Z,5.100,mb
us6000pk9u,2025-01-15T21:37:01.080Z,5.700,mww
us6000pkeg,2025-01-16T13:27:32.356Z,5.000,mww
us6000pkla,2025-01-17T01:10:18.502Z,5.000,mb
us6000pkld,2025-01-17T08:55:52.080Z,5.000,mb
us6000pksw,2025-01-17T18:21:56.835Z,5.000,mww
us6000pkwy,2025-01-18T08:37:46.200Z,5.100,mb
us6000pkzc,2025-01-18T19:31:29.159Z,5.000,mww
us6000pkzg,2025-01-18T19:44:18.024Z,5.000,mww
us6000pl09,2025-01-18T23:15:38.446Z,5.000,mb
us6000pl6c,2025-01-20T05:57:10.327Z,5.000,mb
us6000pl6q,2025-01-20T08:38:42.816Z,5.500,mww
us6000pl78,2025-01-20T10:42:58.290Z,5.400,mww
us6000pl7f,2025-01-20T11:20:36.839Z,5.300,mww
us7000pa2l,2025-01-20T14:46:13.061Z,5.200,mb
us6000pl89,2025-01-20T14:49:37.811Z,5.300,mww
us6000pl8h,2025-01-20T16:17:26.812Z,6.000,mww
us6000pl8l,2025-01-20T16:26:24.700Z,5.100,mb
us6000plbf,2025-01-20T21:03:11.864Z,5.000,mb
us6000pld9,2025-01-21T05:13:36.180Z,5.200,mww
us6000plde,2025-01-21T05:36:11.488Z,5.100,mb
us6000pldf,2025-01-21T05:47:50.406Z,5.500,mww
us6000pldh,2025-01-21T06:05:14.046Z,5.500,mww
us6000plei,2025-01-21T10:57:24.197Z,5.200,mww
us6000plel,2025-01-21T11:15:29.924Z,5.500,mww
us6000plew,2025-01-21T11:55:03.769Z,5.200,mww
us6000plfb,2025-01-21T13:40:17.709Z,5.300,mww
us6000plh9,2025-01-21T18:48:21.736Z,5.100,mww
us6000plhj,2025-01-21T20:00:51.944Z,5.300,mww
us6000plhn,2025-01-21T20:38:43.257Z,5.000,mww
us6000pli7,2025-01-21T21:44:48.844Z,5.100,mww
us6000plk7,2025-01-22T09:47:50.724Z,5.000,mb
us6000plnf,2025-01-22T18:26:08.550Z,5.300,mww
us6000plql,2025-01-22T23:39:46.093Z,5.700,mww
us6000plrc,2025-01-23T03:41:16.038Z,5.400,mww
us6000plrr,2025-01-23T05:22:53.957Z,5.000,mb
us6000plst,2025-01-23T11:14:02.382Z,5.600,mww
us6000plwf,2025-01-23T19:23:36.273Z,5.000,mb
us6000plzg,2025-01-24T04:26:55.449Z,5.000,mb
us6000pm4b,2025-01-24T16:19:05.056Z,5.300,mww
us6000pm5y,2025-01-24T18:26:51.860Z,5.700,mww
us6000pmaf,2025-01-25T11:49:17.031Z,5.100,mww
us6000pmct,2025-01-25T23:38:52.789Z,5.200,mww
us6000pme3,2025-01-26T06:13:38.139Z,5.300,mww
us6000pmf5,2025-01-26T11:24:00.496Z,5.200,mb
us6000pmfn,2025-01-26T13:37:31.811Z,5.100,mww
us6000pmgl,2025-01-26T21:22:39.188Z,5.000,mb
us6000pmgt,2025-01-26T22:39:13.301Z,5.600,mww
us6000pmhf,2025-01-27T00:18:49.485Z,5.000,mb
us6000pmix,2025-01-27T06:55:03.657Z,5.100,mww
us6000pmjt,2025-01-27T14:51:23.500Z,5.300,mww
us6000pmpi,2025-01-28T00:29:10.021Z,5.100,mww
us6000pmpq,2025-01-28T00:59:48.054Z,5.600,mww
us6000pmqh,2025-01-28T05:09:28.930Z,5.000,mww
us6000pmqw,2025-01-28T06:52:38.866Z,5.800,mww
us6000pmrw,2025-01-28T10:23:33.946Z,5.200,mb
us6000pmru,2025-01-28T10:26:32.394Z,5.200,mb
us6000pmsr,2025-01-28T14:53:34.578Z,5.400,mww
us7000p9p7,2025-01-28T21:06:28.350Z,5.000,mb
us7000p9qm,2025-01-29T00:50:41.149Z,5.000,mww
us7000p9qx,2025-01-29T01:32:59.462Z,5.200,mww
us7000p9yj,2025-01-30T02:11:53.748Z,5.100,mww
us7000p9yk,2025-01-30T02:18:23.443Z,5.100,mb
ak0251doqqfp,2025-01-30T04:40:08.488Z,5.200,mww
us7000p9zz,2025-01-30T07:16:17.282Z,5.000,mb
us7000pa8p,2025-01-31T09:04:50.646Z,5.700,mww
us7000pa9d,2025-01-31T11:03:41.859Z,5.700,mww
us7000paai,2025-01-31T12:04:10.579Z,5.400,mww
us7000pabn,2025-01-31T15:58:07.004Z,5.000,mb
us7000pahy,2025-01-31T23:02:28.845Z,5.500,mww
us7000paiv,2025-02-01T00:40:16.806Z,5.000,mww
us7000parr,2025-02-02T07:37:21.126Z,5.100,mb
us7000pau4,2025-02-02T15:43:11.489Z,5.000,mww
us7000paze,2025-02-03T08:13:08.237Z,5.000,mww
us7000pb02,2025-02-03T10:31:54.335Z,5.100,mb
us7000pb0i,2025-02-03T13:02:17.933Z,5.500,mww
us7000pb2l,2025-02-03T19:14:56.872Z,5.400,mww
us7000pb3j,2025-02-03T21:35:51.094Z,5.900,mww
us7000pd4q,2025-02-04T00:10:06.407Z,5.000,mb
us7000pb59,2025-02-04T01:40:33.905Z,5.700,mww
us7000pb5h,2025-02-04T02:46:06.502Z,5.000,mww
us7000pb5n,2025-02-04T03:20:21.554Z,5.000,mb
us7000pb7j,2025-02-04T09:36:45.545Z,5.100,mb
us7000pb82,2025-02-04T13:04:14.561Z,5.300,mww
us7000pba9,2025-02-04T17:37:58.366Z,5.000,mb
us7000pbag,2025-02-04T18:21:57.027Z,5.100,mww
us7000pbau,2025-02-04T19:27:46.561Z,5.000,mww
us7000pbcv,2025-02-04T23:42:32.536Z,5.000,mb
us7000pbcy,2025-02-04T23:47:57.410Z,5.000,mb
us7000pbdm,2025-02-05T03:09:00.344Z,5.000,mb
us7000pbdp,2025-02-05T03:12:30.192Z,5.500,mww
us7000pbfb,2025-02-05T07:01:18.108Z,5.600,mww
us7000pbmp,2025-02-05T19:09:38.388Z,5.100,mww
us7000pbn5,2025-02-05T20:15:07.142Z,5.000,mb
us7000pbt5,2025-02-06T13:16:27.647Z,5.200,mww
us7000pbtz,2025-02-06T16:24:57.909Z,5.100,mww
us7000pbu3,2025-02-06T17:09:56.343Z,5.000,mww
us7000pc0e,2025-02-07T04:31:58.218Z,5.800,mww
us7000pc2p,2025-02-07T10:27:01.952Z,5.900,mww
us7000pc4p,2025-02-07T15:19:12.809Z,5.200,mb
us7000pc7i,2025-02-07T23:00:14.594Z,5.300,mww
us7000pc83,2025-02-07T23:58:51.425Z,5.200,mww
us7000pc9c,2025-02-08T04:44:12.553Z,5.200,mb
us7000pc9d,2025-02-08T05:00:35.551Z,5.100,mb
us7000pcav,2025-02-08T09:24:13.530Z,5.200,mb
us7000pcb7,2025-02-08T10:43:43.113Z,5.000,mww
us7000pcdl,2025-02-08T23:23:14.697Z,7.600,mww
us7000pche,2025-02-09T14:32:37.746Z,5.300,mww
us7000pcih,2025-02-09T19:05:38.291Z,5.200,mww
us7000pcjx,2025-02-10T00:09:42.753Z,5.900,mww
us7000peix,2025-02-10T00:13:44.708Z,5.300,mb
us7000pck0,2025-02-10T00:16:03.322Z,5.300,mb
us7000pck3,2025-02-10T00:28:25.469Z,5.400,mww
us7000pcmb,2025-02-10T10:18:46.631Z,5.000,mb
us7000pcn4,2025-02-10T14:16:55.496Z,5.000,mww
us7000pcn8,2025-02-10T15:15:06.035Z,5.100,mb
us7000pcr3,2025-02-10T20:16:28.738Z,5.300,mww
us7000pcs7,2025-02-10T22:37:24.642Z,5.100,mww
us7000pcsb,2025-02-10T22:48:41.585Z,5.100,mb
us7000pcsz,2025-02-11T02:24:06.725Z,5.200,mww
us7000pct1,2025-02-11T02:37:45.878Z,5.100,mww
us7000pctm,2025-02-11T05:00:26.873Z,5.300,mww
us7000pctr,2025-02-11T05:32:36.895Z,5.000,mb
us7000pcty,2025-02-11T05:47:57.441Z,5.000,mb
us7000pd1i,2025-02-12T01:14:54.298Z,5.100,mww
us7000pd86,2025-02-12T19:54:09.197Z,5.300,mb
us7000pd8m,2025-02-12T21:04:28.710Z,5.100,mb
us7000pdh2,2025-02-13T18:16:21.863Z,5.000,mb
ak025215oy3m,2025-02-13T23:59:27.899Z,5.700,mww
us7000pdj1,2025-02-14T00:22:57.808Z,5.000,mww
us7000pdjz,2025-02-14T01:32:54.659Z,5.000,mb
us7000pdkh,2025-02-14T06:39:49.652Z,5.200,mww
us7000pdky,2025-02-14T09:46:32.914Z,5.100,mb
us7000pdl8,2025-02-14T12:28:33.614Z,5.100,mb
us7000pdlg,2025-02-14T12:50:03.769Z,5.300,mww
us7000pdth,2025-02-14T18:53:13.303Z,5.000,mww
us7000pdu6,2025-02-14T20:28:25.423Z,5.900,mww
us7000pdvd,2025-02-14T21:30:02.961Z,5.000,mb
us7000pdvn,2025-02-15T00:28:58.138Z,5.000,mww
us7000pdvr,2025-02-15T01:18:48.716Z,5.000,mww
us7000pdvt,2025-02-15T01:48:11.119Z,5.700,mww
tx2025deqh,2025-02-15T05:23:21.429Z,5.000,ml
us7000pe2h,2025-02-16T07:08:44.554Z,5.000,mww
us7000pe2q,2025-02-16T07:43:36.015Z,5.200,mww
us7000pe38,2025-02-16T08:36:23.743Z,5.000,mb
us7000pe4x,2025-02-16T18:55:37.613Z,5.100,mww
us7000pe6v,2025-02-17T04:30:56.551Z,5.500,mww
us7000pe7k,2025-02-17T07:49:50.321Z,5.000,mww
us7000pefq,2025-02-18T04:46:52.092Z,5.000,mww
us7000pefw,2025-02-18T05:58:29.320Z,5.000,mb
us7000pein,2025-02-18T17:00:49.043Z,5.000,mb
us7000peiq,2025-02-18T17:18:48.127Z,5.600,mww
us7000pemi,2025-02-18T23:39:10.674Z,5.700,mww
us7000penh,2025-02-19T02:49:44.019Z,5.500,mww
us7000pevu,2025-02-20T03:19:40.859Z,5.300,mb
us7000pevy,2025-02-20T03:21:30.670Z,5.200,mww
us7000pew5,2025-02-20T04:36:50.082Z,5.000,mb
us7000pexc,2025-02-20T10:31:20.780Z,5.500,mww
us7000pexi,2025-02-20T11:30:51.390Z,5.400,mww
us7000pexm,2025-02-20T11:51:45.309Z,5.000,mb
us7000pexs,2025-02-20T12:39:10.630Z,5.300,mb
us7000pf62,2025-02-21T07:20:55.955Z,5.100,mww
us7000pffe,2025-02-22T10:33:30.853Z,5.000,mww
us7000pfi9,2025-02-22T21:04:46.432Z,5.100,mww
us7000pfih,2025-02-22T22:20:25.318Z,5.400,mww
us7000pfii,2025-02-22T22:20:59.314Z,5.300,mww
us7000pfir,2025-02-22T22:49:31.294Z,5.000,mb
us7000pfjc,2025-02-23T01:31:52.085Z,5.600,mww
us7000pfjd,2025-02-23T01:46:23.915Z,5.100,mb
us7000pfjq,2025-02-23T04:17:35.944Z,5.400,mww
us7000pfjr,2025-02-23T04:27:13.411Z,5.100,mb
us7000pfk1,2025-02-23T05:16:22.431Z,5.000,mb
us7000pfmk,2025-02-23T18:16:18.073Z,6.000,mww
us7000pfn2,2025-02-23T19:21:16.945Z,5.000,mb
us7000pfpb,2025-02-23T22:50:10.262Z,5.100,mww
us7000pfpk,2025-02-23T23:44:50.963Z,5.300,mww
us7000pfqd,2025-02-24T01:14:49.703Z,5.200,mww
us7000pfsi,2025-02-24T12:26:00.881Z,5.100,mww
us6000pv78,2025-02-24T20:08:37.428Z,5.400,mww
us6000pv8n,2025-02-25T00:40:20.779Z,5.100,mww
us6000pv9t,2025-02-25T05:37:28.702Z,5.200,mww
pr2025056002,2025-02-25T05:48:55.100Z,5.850,ml
us6000pvca,2025-02-25T13:39:34.099Z,5.200,mww
us6000pvex,2025-02-25T18:13:49.712Z,5.100,mb
us6000pvgx,2025-02-25T22:55:45.917Z,6.100,mww
us6000pvj5,2025-02-26T05:53:24.392Z,5.800,mww
us6000pvk7,2025-02-26T08:56:51.128Z,5.000,mb
us6000pvm4,2025-02-26T16:15:29.941Z,5.800,mww
us6000pvpc,2025-02-26T20:55:36.821Z,5.300,mb
us6000pvq6,2025-02-26T22:46:23.037Z,5.100,mww
us6000pvrl,2025-02-27T05:58:14.705Z,5.000,mb
us6000pvty,2025-02-27T14:54:37.206Z,5.400,mww
us6000pvw6,2025-02-27T20:00:42.833Z,5.200,mww
us6000pvwf,2025-02-27T21:06:10.378Z,5.000,mww
us6000pvws,2025-02-27T21:48:30.311Z,5.000,mww
us6000pvyf,2025-02-28T00:54:30.552Z,5.000,mb
us6000pw3w,2025-02-28T16:11:33.390Z,5.000,mww
us6000pw5b,2025-02-28T19:39:28.430Z,5.000,mww
us6000pw69,2025-02-28T21:58:38.554Z,5.600,mww
us6000pw9c,2025-03-01T09:38:49.850Z,5.000,mww
us6000pwae,2025-03-01T13:59:51.898Z,5.000,mb
us6000pwbj,2025-03-01T20:02:13.364Z,5.300,mww
us6000pwce,2025-03-01T23:42:30.529Z,5.200,mb
us6000pwew,2025-03-02T08:14:58.082Z,5.200,mww
us6000pwg6,2025-03-02T14:16:58.339Z,5.300,mww
us6000pwh1,2025-03-02T18:42:09.427Z,5.200,mww
us6000pwk7,2025-03-03T06:25:34.143Z,5.200,mb
us6000pwky,2025-03-03T10:25:28.644Z,5.400,mww
us6000pwn3,2025-03-03T15:40:36.720Z,5.100,mb
us6000pwqe,2025-03-04T01:42:22.745Z,5.000,mww
us6000pwrb,2025-03-04T07:07:43.154Z,5.100,mww
us6000pwx1,2025-03-04T22:06:43.695Z,5.100,mww
us6000pwz6,2025-03-05T05:36:35.568Z,5.400,mww
us6000px0a,2025-03-05T09:43:12.169Z,5.500,mww
us6000px2p,2025-03-05T18:05:02.737Z,5.000,mww
us6000px3f,2025-03-05T20:13:08.429Z,5.300,mww
us6000px4p,2025-03-06T00:16:28.836Z,5.100,mww
us6000px89,2025-03-06T16:21:39.333Z,6.000,mww
us6000pxdf,2025-03-07T08:34:03.808Z,5.000,mww
us6000pxeb,2025-03-07T12:17:52.410Z,5.400,mww
us6000pxef,2025-03-07T12:42:48.302Z,5.000,mww
us6000pxht,2025-03-07T20:45:59.563Z,5.200,mww
us6000pxlb,2025-03-08T05:37:41.913Z,5.300,mww
us6000pxln,2025-03-08T07:12:17.150Z,5.200,mww
us6000pxlv,2025-03-08T08:50:17.952Z,5.000,mww
us6000pxnp,2025-03-08T18:54:04.724Z,5.700,mww
us6000pxpv,2025-03-08T23:42:55.012Z,5.700,mww
us6000pxrf,2025-03-09T04:24:23.513Z,5.000,mww
us6000pxxd,2025-03-09T05:16:39.592Z,5.400,mww
us6000pxrm,2025-03-09T05:57:57.426Z,5.200,mb
us6000pxvx,2025-03-10T02:33:14.609Z,6.500,mww
us6000py1g,2025-03-10T22:15:19.718Z,5.000,mb
us6000py2d,2025-03-11T02:10:46.379Z,5.100,mww
us6000py3k,2025-03-11T08:14:36.230Z,5.100,mww
us6000py3p,2025-03-11T08:32:13.466Z,5.400,mww
us6000py4l,2025-03-11T14:08:08.434Z,5.600,mww
us6000py97,2025-03-12T05:42:11.676Z,6.000,mww
us6000pybu,2025-03-12T15:09:44.490Z,5.500,mww
us6000pyi3,2025-03-13T05:09:38.116Z,5.200,mww
us6000pykl,2025-03-13T15:45:42.430Z,5.000,mww
us6000pyp3,2025-03-13T21:20:05.314Z,5.100,mww
us6000pysg,2025-03-14T11:13:32.449Z,5.400,mww
us6000pywp,2025-03-14T19:37:15.436Z,5.000,mww
us6000pyxv,2025-03-14T23:42:32.269Z,5.900,mww
us6000pyyq,2025-03-15T03:19:27.274Z,5.600,mww
us6000pz1v,2025-03-15T16:28:36.764Z,5.000,mb
us6000pz7g,2025-03-16T18:53:08.794Z,5.400,mww
us6000pza2,2025-03-17T07:40:27.905Z,5.100,mww
us6000pzam,2025-03-17T09:50:24.150Z,5.500,mww
us6000pzb3,2025-03-17T12:39:35.509Z,5.000,mww
us6000pzdn,2025-03-17T17:32:18.505Z,5.800,mww
us6000pzdr,2025-03-17T17:42:24.514Z,5.100,mb
us6000pzf1,2025-03-17T21:18:02.059Z,5.100,mb
us6000pzf4,2025-03-17T22:23:36.962Z,5.400,mww
us6000pzhi,2025-03-18T02:27:34.578Z,5.000,mb
us6000pzix,2025-03-18T07:49:00.454Z,5.100,mww
us6000pzn5,2025-03-18T21:17:48.760Z,5.300,mww
us6000pznk,2025-03-18T22:52:34.157Z,5.600,mww
us6000pzqc,2025-03-19T08:13:08.362Z,5.000,mww
us6000pzqt,2025-03-19T11:46:21.789Z,5.100,mb
us6000pzw2,2025-03-20T03:56:15.305Z,5.200,mww
us6000pzwb,2025-03-20T04:28:51.980Z,5.600,mww
us6000pzwx,2025-03-20T05:13:06.399Z,5.400,mww
us6000pzxa,2025-03-20T06:07:08.453Z,5.200,mww
us6000pzxi,2025-03-20T06:30:19.231Z,5.700,mww
us6000pzy8,2025-03-20T08:15:18.714Z,5.000,mww
us6000q001,2025-03-20T12:04:21.686Z,5.300,mb
us7000pled,2025-03-20T19:36:03.829Z,5.200,mww
us7000plf7,2025-03-20T21:00:09.168Z,5.400,mww
us7000plg4,2025-03-20T23:13:16.427Z,5.000,mww
us7000pljf,2025-03-21T09:33:45.914Z,5.000,mb
us7000pllt,2025-03-21T14:50:51.364Z,6.200,mww
us7000pllu,2025-03-21T14:53:41.774Z,6.200,mww
us7000pllx,2025-03-21T14:58:28.059Z,5.900,mww
us7000pllz,2025-03-21T15:03:25.258Z,5.000,mb
us7000plp9,2025-03-21T17:08:51.299Z,5.000,mb
us7000plq1,2025-03-21T19:28:19.572Z,5.000,mb
us7000plrn,2025-03-22T01:15:13.647Z,5.500,mww
us7000plu1,2025-03-22T09:49:21.891Z,5.600,mww
us7000pluz,2025-03-22T12:51:43.523Z,5.300,mww
us7000plxa,2025-03-22T22:14:27.204Z,5.100,mww
us7000pm4g,2025-03-23T23:36:23.698Z,5.100,mb
us7000pm5g,2025-03-24T04:29:29.100Z,5.100,mww
us7000pm5f,2025-03-24T04:35:09.150Z,5.100,mww
us7000pm7v,2025-03-24T11:17:45.391Z,5.100,mb
us7000pm7w,2025-03-24T11:21:38.311Z,5.000,mb
us6000q3pb,2025-03-24T13:43:11.734Z,5.000,mww
us7000pmem,2025-03-25T01:43:11.796Z,6.700,mww
us7000pmfb,2025-03-25T02:56:27.725Z,5.400,mww
us7000pmgz,2025-03-25T09:50:50.980Z,5.000,mb
us7000pmm9,2025-03-25T22:55:53.097Z,5.300,mww
us7000pmng,2025-03-26T03:48:49.599Z,5.000,mb
us7000pmp9,2025-03-26T06:45:26.097Z,5.100,mb
us7000pmpg,2025-03-26T07:26:21.203Z,5.300,mww
us7000pmwp,2025-03-26T21:41:39.099Z,5.000,mb
us7000pmxp,2025-03-27T00:41:25.987Z,5.700,mww
us7000pn5l,2025-03-27T19:42:56.970Z,5.200,mww
us7000pn66,2025-03-27T21:33:13.778Z,5.000,mb
us7000pn7g,2025-03-28T00:34:21.875Z,6.100,mww
us7000pn8m,2025-03-28T01:20:04.771Z,5.700,mww
us7000pn8t,2025-03-28T01:53:55.681Z,5.000,mb
us7000pn9s,2025-03-28T06:20:52.715Z,7.700,mww
us7000pn9z,2025-03-28T06:32:04.777Z,6.700,mww
us7000pnf2,2025-03-28T17:17:27.868Z,6.600,mww
us7000pnig,2025-03-29T02:11:07.143Z,5.200,mb
us7000pnkj,2025-03-29T09:20:48.229Z,5.100,mb
us7000pnri,2025-03-30T02:58:33.125Z,5.100,mb
us7000pntq,2025-03-30T12:18:50.362Z,7.000,mww
us7000pnvp,2025-03-30T15:04:54.834Z,6.200,mww
us7000pnvu,2025-03-30T15:26:13.319Z,5.000,mb
us7000pnvv,2025-03-30T15:33:49.612Z,5.900,mww
us7000pnxn,2025-03-30T21:51:41.778Z,5.200,mww
us7000pp0s,2025-03-31T13:36:16.026Z,5.200,mb
us7000pp13,2025-03-31T15:54:17.424Z,5.600,mww
ak02546kb91j,2025-04-01T04:04:36.944Z,5.100,mww
us7000pp6u,2025-04-01T06:05:39.338Z,5.100,mb
us7000pp7n,2025-04-01T10:15:56.075Z,5.700,mww
us7000pp8j,2025-04-01T13:59:40.043Z,5.000,mb
us7000ppa0,2025-04-01T16:54:52.947Z,5.200,mww
us7000ppcu,2025-04-01T23:59:52.125Z,5.000,mww
us7000ppd9,2025-04-02T00:29:22.306Z,6.300,mww
us7000ppfs,2025-04-02T13:24:44.820Z,5.300,mww
us7000ppfy,2025-04-02T14:03:57.825Z,6.100,mww
us7000ppga,2025-04-02T16:26:35.709Z,5.500,mww
us6000q3iu,2025-04-02T21:03:40.049Z,5.800,mww
us6000q3iv,2025-04-02T21:06:02.276Z,5.100,mb
us6000q3l2,2025-04-03T04:18:17.878Z,5.500,mww
us6000q3nw,2025-04-03T14:09:29.739Z,6.900,mww
us6000q3qi,2025-04-03T16:05:18.717Z,5.400,mb
us6000q3sh,2025-04-03T18:42:57.501Z,5.100,mb
us6000q3ti,2025-04-03T21:11:55.336Z,5.100,mb
us6000q3w4,2025-04-04T08:01:06.751Z,5.600,mww
us6000q68b,2025-04-04T08:01:50.510Z,5.300,mb
us6000q3wx,2025-04-04T10:51:47.966Z,5.000,mww
us6000q41n,2025-04-04T20:04:38.129Z,6.900,mww
us6000q68w,2025-04-04T20:12:52.496Z,5.100,mb
us6000q66u,2025-04-04T20:17:00.683Z,5.400,mb
us6000q66z,2025-04-04T20:36:12.125Z,5.000,mb
us6000q42k,2025-04-04T20:39:34.464Z,5.200,mb
us6000q43j,2025-04-04T21:14:41.733Z,5.000,mb
us6000q43z,2025-04-04T21:29:06.981Z,5.000,mb
us6000q443,2025-04-04T21:46:28.577Z,5.100,mb
us6000q447,2025-04-04T21:56:10.068Z,5.000,mb
us6000q446,2025-04-04T22:02:13.217Z,5.200,mb
us6000q44n,2025-04-04T22:27:59.740Z,5.100,mb
us6000q45z,2025-04-05T00:55:20.229Z,5.100,mb
us6000q460,2025-04-05T00:57:32.808Z,5.100,mb
us6000q6gp,2025-04-05T01:01:11.924Z,5.000,mb
us6000q46u,2025-04-05T05:07:57.310Z,5.100,mb
us6000q47k,2025-04-05T07:57:09.413Z,5.500,mww
us6000q47u,2025-04-05T09:04:40.003Z,5.400,mww
us6000q47z,2025-04-05T09:19:55.153Z,5.100,mb
us6000q48c,2025-04-05T11:24:05.660Z,5.100,mb
us6000q48d,2025-04-05T11:29:12.069Z,5.500,mww
us6000q48g,2025-04-05T11:30:41.757Z,5.000,mb
us6000q48h,2025-04-05T11:32:09.400Z,5.600,mb
us6000q48f,2025-04-05T11:32:59.320Z,5.000,mww
us6000q493,2025-04-05T12:51:19.182Z,5.000,mb
us6000q49r,2025-04-05T16:25:11.929Z,5.000,mb
us6000q4a5,2025-04-05T17:25:30.474Z,5.100,mb
us6000q4b0,2025-04-05T21:23:34.790Z,5.000,mww
us6000q4di,2025-04-06T10:36:59.675Z,5.000,mww
us6000q4gt,2025-04-07T02:59:30.867Z,5.300,mww
us6000q4hk,2025-04-07T07:24:02.956Z,5.200,mb
us6000q4ig,2025-04-07T13:08:51.599Z,5.100,mb
us6000q4ii,2025-04-07T13:29:39.649Z,5.100,mb
us6000q4iy,2025-04-07T15:28:40.554Z,5.000,mb
us6000q4lv,2025-04-07T19:49:20.552Z,5.800,mww
us6000q4pc,2025-04-08T03:55:06.671Z,5.200,mww
us6000q4ql,2025-04-08T11:30:25.314Z,5.200,mb
us6000q4rh,2025-04-08T15:26:34.272Z,5.300,mww
us6000q4sw,2025-04-08T19:25:55.660Z,5.100,mww
us6000q4ui,2025-04-08T22:30:44.413Z,5.000,mww
us6000q4v3,2025-04-09T01:53:25.983Z,5.000,mww
us6000q4vv,2025-04-09T07:39:54.327Z,5.400,mww
us6000q4w1,2025-04-09T08:29:08.760Z,5.000,mb
us6000q4x6,2025-04-09T15:21:22.331Z,5.000,mb
us6000q4zx,2025-04-09T20:42:46.615Z,5.100,mww
us6000q519,2025-04-10T02:43:27.951Z,5.300,mww
us6000q526,2025-04-10T05:26:53.718Z,5.400,mww
us6000q52k,2025-04-10T07:53:23.652Z,5.300,mww
us6000q52w,2025-04-10T08:20:52.382Z,5.200,mb
us6000q5aq,2025-04-11T03:18:21.128Z,5.100,mww
us6000q5ax,2025-04-11T03:38:57.672Z,5.100,mb
us6000q5b8,2025-04-11T05:06:17.156Z,5.000,mww
usd0012wfk,2025-04-12T03:16:35.874Z,5.200,mww
us6000q5ka,2025-04-12T03:47:08.682Z,6.100,mww
us6000q5ly,2025-04-12T09:59:24.945Z,5.000,mb
us6000q5mb,2025-04-12T12:37:51.101Z,5.000,mb
us6000q5ps,2025-04-13T02:24:57.717Z,5.300,mww
us6000q5q0,2025-04-13T03:48:23.572Z,5.400,mww
us6000q5q7,2025-04-13T04:15:24.903Z,5.200,mb
us6000q5q8,2025-04-13T04:24:00.966Z,5.800,mww
us6000q5re,2025-04-13T09:13:32.789Z,5.900,mww
us7000pvk4,2025-04-13T10:47:14.367Z,5.100,mb
us6000q5s5,2025-04-13T13:59:26.972Z,5.000,mb
us6000q5sv,2025-04-13T16:40:13.799Z,5.100,mb
us6000q5t8,2025-04-13T17:15:02.778Z,5.100,mww
us6000q5tp,2025-04-13T20:03:22.841Z,6.500,mww
us7000pvkh,2025-04-13T21:23:58.410Z,5.000,mb
us6000q5ue,2025-04-13T21:30:25.822Z,5.100,mb
us6000q5vw,2025-04-14T01:33:12.336Z,5.200,mww
ci40925991,2025-04-14T17:08:28.110Z,5.210,mw
us6000q64r,2025-04-15T11:22:33.898Z,5.100,mb
us6000q65u,2025-04-15T15:49:02.502Z,5.200,mww
us6000q6br,2025-04-15T21:42:42.326Z,5.600,mww
us6000q6c1,2025-04-15T23:06:40.142Z,5.000,mww
us6000q6c3,2025-04-15T23:13:59.048Z,5.600,mww
us6000q6cs,2025-04-16T01:42:59.524Z,6.600,mww
us6000q6d3,2025-04-16T02:25:57.732Z,5.200,mb
us6000q6d9,2025-04-16T03:49:49.517Z,5.200,mwr
us6000q6e3,2025-04-16T07:30:14.432Z,5.000,mb
us6000q6fi,2025-04-16T12:41:01.865Z,5.600,mww
us6000q6kl,2025-04-16T17:35:24.677Z,5.300,mww
us6000q6kn,2025-04-16T17:44:43.559Z,5.400,mww
us6000q6kv,2025-04-16T18:13:56.354Z,5.000,mb
us6000q6n2,2025-04-17T00:51:24.547Z,5.500,mww
us6000q6ne,2025-04-17T04:34:15.958Z,5.100,mww
us7000pwmg,2025-04-17T04:35:04.748Z,5.400,mb
us6000q6q4,2025-04-17T09:45:31.045Z,5.200,mww
us6000q6xh,2025-04-18T00:10:18.965Z,5.600,mww
us6000q6zb,2025-04-18T07:24:13.873Z,5.100,mb
us6000q72m,2025-04-18T18:41:43.324Z,5.400,mww
us6000q73u,2025-04-18T22:03:16.470Z,5.000,mb
us6000q76g,2025-04-19T06:47:55.932Z,5.700,mww
us6000q787,2025-04-19T13:50:22.145Z,5.600,mww
us6000q78l,2025-04-19T16:11:14.518Z,5.900,mww
us6000q78m,2025-04-19T16:50:47.031Z,5.100,mww
us6000q78n,2025-04-19T16:55:05.702Z,5.500,mww
us6000q78s,2025-04-19T17:37:11.031Z,5.300,mww
us6000q7ex,2025-04-20T18:19:50.158Z,5.400,mww
us6000q7ix,2025-04-21T07:53:12.465Z,5.200,mb
us7000pu0x,2025-04-21T15:46:59.897Z,5.100,mb
us7000pu5z,2025-04-22T10:14:04.442Z,5.200,mww
us7000pu62,2025-04-22T10:17:11.888Z,6.200,mww
us7000pu7q,2025-04-22T13:29:08.956Z,5.700,mww
us7000pua2,2025-04-22T16:55:02.990Z,5.100,mb
us7000pua3,2025-04-22T16:55:32.564Z,5.700,mww
us7000puc7,2025-04-22T20:37:35.559Z,5.000,mb
us7000pufs,2025-04-23T09:49:11.631Z,6.200,mww
us7000pufy,2025-04-23T10:02:33.619Z,5.000,mb
us7000pufz,2025-04-23T10:11:32.211Z,5.100,mb
us7000puqk,2025-04-23T16:25:47.551Z,5.200,mww
us7000pulm,2025-04-23T21:57:49.766Z,5.000,mb
us7000pun2,2025-04-24T03:20:08.685Z,5.100,mww
us7000puqf,2025-04-24T11:57:10.477Z,5.000,mww
us7000pux2,2025-04-24T22:22:57.397Z,5.700,mww
us7000pv06,2025-04-25T11:44:52.634Z,6.300,mww
us7000pv09,2025-04-25T11:57:17.579Z,5.200,mb
us7000pv4w,2025-04-25T22:15:39.739Z,5.100,mb
us7000pv5c,2025-04-26T00:27:46.992Z,5.100,mww
us7000pv6f,2025-04-26T04:21:49.088Z,5.100,mww
us7000pv9q,2025-04-26T18:54:10.138Z,5.000,mb
us7000pvax,2025-04-27T00:56:34.707Z,5.100,mb
us7000pvd8,2025-04-27T09:22:42.704Z,5.900,mww
us7000pvdp,2025-04-27T09:51:07.134Z,5.100,mww
us7000pvfb,2025-04-27T16:54:25.986Z,5.500,mww
us7000pvfd,2025-04-27T17:18:27.488Z,5.600,mww
us7000pvhf,2025-04-28T02:34:58.777Z,5.000,mww
us7000pvqh,2025-04-29T04:01:22.438Z,5.400,mww
us7000pvry,2025-04-29T08:17:23.297Z,5.000,mww
us7000pvt7,2025-04-29T13:16:32.562Z,6.200,mww
us7000pvta,2025-04-29T13:30:30.110Z,5.600,mww
us7000pvtd,2025-04-29T13:35:26.180Z,5.200,mb
us7000pvtg,2025-04-29T13:49:21.687Z,5.300,mww
us7000pvtr,2025-04-29T14:53:37.897Z,6.800,mww
us7000pvxu,2025-04-29T18:56:29.965Z,5.000,mb
us7000pvxz,2025-04-29T19:16:30.845Z,5.100,mb
us7000pw1p,2025-04-30T09:00:13.646Z,5.200,mww
us7000pw2m,2025-04-30T11:51:43.977Z,5.400,mww
us7000pwb3,2025-05-01T06:04:30.610Z,5.200,mww
us7000pwc8,2025-05-01T10:42:41.620Z,5.100,mb
us7000pwdl,2025-05-01T16:04:52.814Z,5.400,mww
us7000pwdx,2025-05-01T17:00:43.689Z,5.200,mww
us7000pwfl,2025-05-01T20:23:02.329Z,5.100,mb
us7000pwi4,2025-05-02T04:11:50.612Z,5.100,mww
us7000pwjg,2025-05-02T08:51:12.798Z,5.000,mb
us7000pwjw,2025-05-02T10:59:19.540Z,5.800,mww
us7000pwkn,2025-05-02T12:58:26.014Z,7.400,mww
us7000pwt4,2025-05-02T13:03:16.417Z,5.500,mb
us7000pwl1,2025-05-02T13:07:45.852Z,5.400,mb
us7000pwkz,2025-05-02T13:09:40.634Z,5.700,mb
us7000pwl0,2025-05-02T13:10:08.321Z,5.600,mb
us7000pwl6,2025-05-02T13:55:02.779Z,5.300,mb
us7000pwl9,2025-05-02T14:38:06.272Z,5.100,mb
us7000pwp8,2025-05-02T16:48:33.458Z,5.300,mb
us7000pwpu,2025-05-02T17:59:07.662Z,6.400,mww
us7000px5q,2025-05-02T18:07:37.385Z,5.000,mb
us7000pwq4,2025-05-02T18:20:31.281Z,5.100,mb
us7000pwqr,2025-05-02T19:33:49.191Z,5.100,mb
us7000pwr3,2025-05-02T19:57:58.541Z,5.000,mb
us7000pwrl,2025-05-02T20:14:15.352Z,5.300,mb
us7000pwti,2025-05-03T02:36:44.607Z,5.000,mb
us7000pwu9,2025-05-03T05:10:36.688Z,5.200,mww
us7000pwvb,2025-05-03T10:06:32.805Z,5.000,mb
us7000pwvy,2025-05-03T12:51:43.462Z,5.900,mww
us7000pwxb,2025-05-03T16:21:11.019Z,5.000,mb
us7000pwxj,2025-05-03T17:04:14.009Z,5.100,mb
tx2025iqwk,2025-05-04T01:47:05.553Z,5.400,ml
us7000px0q,2025-05-04T03:48:17.874Z,5.200,mww
us7000px0y,2025-05-04T04:38:06.857Z,5.300,mb
us7000px11,2025-05-04T04:53:27.847Z,5.000,mb
pr2025124000,2025-05-04T06:58:24.280Z,5.630,ml
us7000px2i,2025-05-04T11:50:08.058Z,5.000,mb
us7000px6v,2025-05-05T03:55:39.960Z,6.000,mww
us7000px7i,2025-05-05T08:28:13.833Z,5.800,mww
us7000px85,2025-05-05T09:46:46.882Z,5.100,mww
us7000px8b,2025-05-05T10:09:59.032Z,5.100,mww
us7000px8h,2025-05-05T10:53:27.776Z,5.600,mww
us7000px8u,2025-05-05T13:15:47.116Z,5.000,mb
us7000pxd6,2025-05-05T21:14:02.950Z,5.300,mww
us7000pxfh,2025-05-06T04:39:32.016Z,5.100,mb
us7000pxgl,2025-05-06T09:43:25.684Z,5.000,mb
us7000pxj7,2025-05-06T17:45:31.436Z,5.500,mww
us7000pxjh,2025-05-06T18:15:10.547Z,5.700,mww
us7000pxne,2025-05-07T07:09:08.006Z,5.300,mb
us7000pxul,2025-05-07T23:11:02.399Z,5.000,mb
us7000pxwq,2025-05-08T08:58:15.015Z,5.400,mww
us7000pxx7,2025-05-08T11:22:40.880Z,5.400,mww
us7000py39,2025-05-08T22:01:10.028Z,5.700,mww
us7000py8y,2025-05-09T15:17:27.339Z,5.200,mww
us7000pyba,2025-05-09T19:07:19.428Z,5.000,mb
us7000pyc9,2025-05-09T22:45:44.663Z,5.300,mww
us7000pydf,2025-05-10T03:34:07.470Z,5.100,mww
us7000pyjn,2025-05-11T08:57:43.494Z,5.700,mww
us7000pyn1,2025-05-11T11:22:21.597Z,5.900,mww
us7000pyq7,2025-05-11T21:11:22.060Z,5.500,mww
us7000pyqc,2025-05-11T21:49:56.871Z,5.300,mww
us7000pyqf,2025-05-11T22:04:56.074Z,5.400,mww
us7000pyqv,2025-05-12T00:41:44.614Z,5.000,mww
us7000pytm,2025-05-12T14:54:29.916Z,5.300,mww
us7000pytn,2025-05-12T14:57:50.921Z,5.000,mww
us7000pyvj,2025-05-12T17:01:41.832Z,5.000,mww
us7000pyxf,2025-05-13T00:48:00.569Z,5.200,mww
us7000pyzd,2025-05-13T14:32:14.522Z,5.200,mww
us7000pyzs,2025-05-13T16:52:34.486Z,5.600,mww
us7000pz23,2025-05-13T20:43:04.081Z,5.900,mww
us7000pz2p,2025-05-13T22:51:15.880Z,6.000,mww
us7000pz41,2025-05-14T04:15:40.513Z,6.400,mww
us7000pz4c,2025-05-14T05:03:52.362Z,5.000,mww
us7000pz7y,2025-05-14T16:33:05.147Z,5.200,mb
us7000pz8t,2025-05-14T20:13:24.200Z,5.200,mww
us7000pzaa,2025-05-15T00:50:52.272Z,5.900,mww
us7000pzcl,2025-05-15T12:46:37.436Z,5.000,mww
us7000pzcp,2025-05-15T12:59:19.020Z,5.500,mww
us7000pzg9,2025-05-15T19:47:43.111Z,5.000,mb
us7000pzrk,2025-05-17T00:32:58.473Z,5.100,mww
us7000pzrm,2025-05-17T00:45:39.055Z,5.300,mww
us7000pzt7,2025-05-17T08:01:04.539Z,5.000,mb
us7000pztw,2025-05-17T10:22:14.394Z,5.900,mww
us7000pzv3,2025-05-17T15:54:47.188Z,5.100,mww
us7000q040,2025-05-19T05:48:30.950Z,5.300,mww
us7000q053,2025-05-19T11:17:01.893Z,5.400,mww
us7000q05b,2025-05-19T14:01:20.661Z,5.000,mb
us7000q05q,2025-05-19T15:24:11.872Z,5.000,mb
us7000q08l,2025-05-19T21:36:08.008Z,5.000,mb
us7000q08z,2025-05-19T23:31:30.335Z,5.000,mb
us7000q09z,2025-05-20T05:11:32.589Z,5.600,mww
us7000q0bm,2025-05-20T15:05:59.387Z,6.500,mww
us6000qhq8,2025-05-20T15:10:59.316Z,5.300,mb
us7000q0gl,2025-05-21T00:38:12.308Z,5.200,mwb
us7000q0m0,2025-05-21T19:36:11.407Z,5.200,mb
us7000q0p1,2025-05-22T00:25:43.052Z,5.200,mb
us7000q0pq,2025-05-22T03:19:35.518Z,6.200,mww
us7000q0r8,2025-05-22T07:50:38.590Z,5.200,mww
us7000q0re,2025-05-22T08:34:36.774Z,5.700,mww
us7000q0sq,2025-05-22T11:35:40.683Z,5.000,mww
us7000q0vi,2025-05-22T18:32:02.401Z,5.000,mww
us7000q0w7,2025-05-22T19:52:36.892Z,5.700,mww
us7000q0wc,2025-05-22T19:57:36.534Z,5.100,mb
us7000q0yk,2025-05-22T21:28:00.611Z,5.400,mww
us7000q103,2025-05-23T02:30:40.264Z,5.200,mww
us7000q14k,2025-05-23T16:33:25.438Z,6.100,mww
us7000q16a,2025-05-23T19:11:56.735Z,5.000,mww
us7000q18d,2025-05-24T02:36:10.554Z,5.200,mww
us7000q18v,2025-05-24T05:32:15.039Z,5.000,mb
us7000q19r,2025-05-24T11:12:30.763Z,5.000,mb
us7000q19u,2025-05-24T11:17:09.811Z,5.100,mb
us7000q1c6,2025-05-25T02:35:14.181Z,5.000,mb
us7000q1e7,2025-05-25T10:49:59.192Z,6.000,mww
us7000q1h3,2025-05-26T03:50:25.655Z,5.700,mww
us7000q1hq,2025-05-26T06:50:43.307Z,5.000,mb
us7000q1ib,2025-05-26T08:47:44.855Z,5.300,mww
us7000q1ig,2025-05-26T09:00:12.134Z,5.200,mww
us7000q1ik,2025-05-26T09:31:05.740Z,5.000,mww
us7000q1nc,2025-05-27T00:06:33.433Z,5.000,mww
us7000q1nh,2025-05-27T00:39:48.252Z,5.100,mb
us7000q1ni,2025-05-27T00:55:04.856Z,5.300,mww
us7000q1pg,2025-05-27T02:42:54.443Z,5.200,mww
us7000q1pq,2025-05-27T02:57:32.582Z,5.000,mb
us6000qg94,2025-05-27T18:49:36.214Z,5.000,mb
us6000qg9r,2025-05-27T20:24:28.119Z,5.100,mww
us6000qga6,2025-05-27T21:59:11.398Z,5.800,mww
us6000qgb5,2025-05-28T01:30:37.701Z,5.800,mww
us6000qgb9,2025-05-28T01:57:44.758Z,5.100,mb
us6000qgd9,2025-05-28T08:57:47.561Z,5.900,mww
us6000qgdb,2025-05-28T09:01:39.229Z,5.400,mww
us6000qgeq,2025-05-28T13:34:13.998Z,5.800,mww
us6000qgf5,2025-05-28T14:34:19.236Z,5.100,mww
us6000qgib,2025-05-28T21:22:47.981Z,5.000,mww
us6000qgic,2025-05-28T21:30:01.868Z,5.000,mww
us6000qgju,2025-05-29T01:28:08.833Z,5.200,mb
us6000qgn1,2025-05-29T13:07:03.397Z,5.000,mb
us6000qgsb,2025-05-29T22:23:04.649Z,5.400,mww
us6000qgsq,2025-05-29T23:40:58.696Z,5.000,mww
us6000qgts,2025-05-30T05:36:38.351Z,6.200,mww
us6000qgxv,2025-05-30T16:45:08.321Z,5.200,mb
us6000qh1e,2025-05-31T06:17:09.997Z,5.300,mb
us6000qh1r,2025-05-31T08:37:17.097Z,6.000,mww
us6000qh2d,2025-05-31T11:24:16.441Z,5.200,mww
us6000qh35,2025-05-31T14:28:49.890Z,6.100,mww
us6000qh59,2025-05-31T21:21:11.250Z,6.000,mww
us6000qh5j,2025-05-31T22:26:22.460Z,6.200,mww
us6000qh6m,2025-06-01T03:06:24.122Z,5.200,mb
us6000qhaf,2025-06-01T18:51:52.960Z,5.800,mww
us6000qhba,2025-06-01T22:17:07.325Z,5.200,mww
us6000qhiq,2025-06-02T23:17:28.209Z,5.800,mww
us6000qhjx,2025-06-03T03:50:01.733Z,5.100,mb
us6000qhly,2025-06-03T10:41:36.191Z,5.000,mb
us6000qhma,2025-06-03T11:26:34.214Z,5.100,mww
us6000qhnr,2025-06-03T13:18:28.018Z,5.100,mww
us6000qhub,2025-06-04T03:43:06.651Z,5.200,mww
us6000qhxk,2025-06-04T15:27:50.310Z,5.000,mb
us6000qhzg,2025-06-04T20:31:55.417Z,5.000,mww
us6000qi0w,2025-06-05T00:09:18.730Z,5.600,mww
us6000qigd,2025-06-06T17:15:06.807Z,6.400,mww
us6000qiig,2025-06-06T19:28:30.995Z,5.900,mww
us6000qilg,2025-06-07T02:08:31.447Z,5.100,mww
us6000qilr,2025-06-07T02:51:40.320Z,5.000,mb
us6000qinr,2025-06-07T07:33:40.295Z,5.500,mww
us6000qlsz,2025-06-07T07:58:20.739Z,5.100,mww
us6000qipm,2025-06-07T11:06:04.640Z,5.300,mww
us6000qiq1,2025-06-07T12:46:20.307Z,5.400,mww
us6000qisj,2025-06-07T23:20:45.671Z,6.200,mww
us6000qiv6,2025-06-08T00:50:30.809Z,5.300,mww
us6000qiw2,2025-06-08T04:39:28.868Z,5.200,mww
us6000qiw6,2025-06-08T04:56:58.799Z,5.200,mb
us6000qixr,2025-06-08T13:08:05.797Z,6.300,mww
us6000qiye,2025-06-08T14:55:46.244Z,5.100,mb
us6000qj0h,2025-06-08T21:15:06.129Z,5.900,mww
us6000qj0l,2025-06-08T21:28:08.469Z,5.500,mww
us6000qj67,2025-06-09T16:04:58.923Z,5.100,mww
us6000qj9w,2025-06-10T03:46:05.728Z,5.400,mww
us6000qja6,2025-06-10T04:07:20.359Z,5.600,mww
us6000qjb8,2025-06-10T07:27:48.498Z,5.100,mb
us6000qjil,2025-06-11T08:19:30.335Z,5.200,mww
us6000qjj5,2025-06-11T11:00:28.001Z,5.900,mww
us6000qjn7,2025-06-11T20:45:44.745Z,5.200,mww
us6000qjqv,2025-06-12T03:36:11.880Z,5.000,mb
us6000qjr3,2025-06-12T04:58:26.463Z,5.700,mww
us6000qjrc,2025-06-12T05:28:18.368Z,5.100,mb
us6000qjrq,2025-06-12T06:14:26.535Z,5.500,mww
us6000qjs8,2025-06-12T08:33:05.470Z,5.000,mb
us6000qjtq,2025-06-12T14:38:25.628Z,5.000,mb
us6000qk0w,2025-06-13T04:26:03.428Z,5.300,mww
us6000qk1c,2025-06-13T06:28:32.849Z,5.300,mww
us6000qk2b,2025-06-13T11:26:46.003Z,5.000,mb
us6000qk4v,2025-06-13T18:35:14.935Z,6.000,mww
us6000qk6i,2025-06-13T23:00:20.978Z,5.000,mb
us6000qk7h,2025-06-14T03:10:59.726Z,5.700,mww
us6000qk90,2025-06-14T06:43:33.708Z,5.600,mww
us6000qk9a,2025-06-14T08:14:25.374Z,5.400,mww
us6000qk9m,2025-06-14T09:59:14.891Z,5.000,mb
us6000qk9r,2025-06-14T10:47:01.673Z,5.000,mww
us6000qka3,2025-06-14T11:32:05.319Z,5.300,mww
us6000qkbr,2025-06-14T18:21:30.593Z,5.000,mww
us6000qkc5,2025-06-14T19:16:15.974Z,5.000,mb
us6000qkdl,2025-06-15T03:18:26.304Z,5.300,mb
us6000qkek,2025-06-15T07:25:25.838Z,5.100,mb
us6000qkg7,2025-06-15T16:35:29.241Z,5.600,mww
us6000qkge,2025-06-15T17:31:03.307Z,5.200,mww
us6000qkj7,2025-06-16T06:17:15.454Z,5.000,mb
us6000qkr0,2025-06-17T02:46:26.793Z,5.000,mww
us6000qkrl,2025-06-17T06:25:34.830Z,5.100,mb
us6000qks0,2025-06-17T08:12:55.259Z,5.000,mb
us6000qks2,2025-06-17T08:36:25.059Z,5.300,mww
us7000q9t4,2025-06-17T14:44:06.654Z,5.100,mww
us6000qkw9,2025-06-17T20:06:10.571Z,5.000,mb
us6000qkzh,2025-06-18T09:49:22.518Z,5.800,mww
us6000ql02,2025-06-18T11:57:24.407Z,5.400,mww
us6000ql15,2025-06-18T14:51:54.114Z,5.400,mww
us6000ql4i,2025-06-18T23:08:06.586Z,5.900,mww
us6000ql7v,2025-06-19T12:58:33.299Z,5.100,mww
us6000ql7w,2025-06-19T13:07:52.122Z,5.100,mww
us6000ql87,2025-06-19T13:51:12.287Z,5.300,mww
us6000ql8f,2025-06-19T14:59:24.297Z,5.100,mb
us6000ql8j,2025-06-19T15:14:38.187Z,5.000,mb
us6000ql8u,2025-06-19T16:37:42.503Z,5.500,mww
us6000qlca,2025-06-19T22:21:46.546Z,5.000,mb
us6000qlej,2025-06-20T10:21:29.896Z,5.100,mb
us6000qlev,2025-06-20T11:42:53.815Z,5.000,mb
us6000qlnk,2025-06-21T19:18:48.533Z,5.200,mww
us6000qlnz,2025-06-21T21:23:18.562Z,6.000,mww
us7000qahy,2025-06-21T21:25:45.027Z,5.300,mb
us6000qlqv,2025-06-22T05:44:28.446Z,5.000,mww
us6000qlqy,2025-06-22T06:27:16.216Z,5.300,mww
us6000qlr7,2025-06-22T08:15:04.716Z,5.000,mww
us6000qlwa,2025-06-23T03:17:18.573Z,5.300,mww
us6000qlyq,2025-06-23T14:36:18.769Z,5.100,mww
us7000q88k,2025-06-23T17:23:29.381Z,5.000,mww
us7000q89a,2025-06-23T19:14:26.214Z,5.400,mww
us7000q8bd,2025-06-24T01:58:06.248Z,6.200,mww
us7000q8be,2025-06-24T01:58:41.616Z,5.500,mww
pr2025175000,2025-06-24T02:45:43.620Z,5.700,mw
us7000q8c4,2025-06-24T03:13:55.592Z,5.000,mb
us7000q8d2,2025-06-24T06:24:33.474Z,5.000,mb
us7000q8dd,2025-06-24T07:04:14.355Z,5.100,mww
us7000q8kv,2025-06-24T23:52:00.907Z,5.200,mww
us7000q8l7,2025-06-25T01:33:28.230Z,5.400,mww
us7000q8mr,2025-06-25T08:11:16.293Z,5.300,mww
us7000q8tw,2025-06-25T22:16:13.700Z,6.200,mww
us7000q8vy,2025-06-26T07:54:47.777Z,5.000,mb
us7000q91k,2025-06-27T04:25:53.731Z,5.100,mb
us7000q938,2025-06-27T14:58:12.410Z,5.100,mww
us7000q97d,2025-06-27T23:07:10.371Z,6.000,mww
us7000q99p,2025-06-28T04:17:08.545Z,5.500,mww
us7000q9an,2025-06-28T06:08:19.722Z,5.200,mww
us7000q9b5,2025-06-28T08:32:20.957Z,6.600,mww
us7000q9cb,2025-06-28T09:51:29.828Z,5.100,mb
us7000q9d1,2025-06-28T12:40:43.625Z,5.300,mb
us7000q9dv,2025-06-28T18:18:20.515Z,5.200,mww
us7000q9e7,2025-06-28T19:35:22.701Z,5.000,mww
us7000q9f3,2025-06-28T22:24:00.294Z,5.200,mww
us7000q9fs,2025-06-29T01:15:25.559Z,5.400,mww
us7000q9h4,2025-06-29T05:46:35.266Z,5.100,mww
us7000q9hc,2025-06-29T06:48:09.211Z,5.300,mww
us7000q9hh,2025-06-29T07:11:56.977Z,5.200,mww
us7000q9p6,2025-06-30T05:52:21.272Z,5.000,mb
us7000q9q4,2025-06-30T09:33:22.117Z,5.200,mww
us7000q9qv,2025-06-30T12:12:51.336Z,5.100,mb
us7000q9vu,2025-06-30T23:48:45.119Z,5.100,mww
us7000qa1v,2025-07-01T19:32:07.294Z,5.100,mww
us7000qa3y,2025-07-02T01:39:39.205Z,5.500,mww
us7000qa4b,2025-07-02T02:57:17.022Z,5.400,mww
us7000qa52,2025-07-02T05:25:22.653Z,5.100,mww
us7000qa55,2025-07-02T05:51:48.593Z,5.200,mb
us7000qa57,2025-07-02T05:53:26.288Z,5.200,mb
us7000qa56,2025-07-02T05:59:01.496Z,5.300,mww
us7000qa5c,2025-07-02T06:07:21.756Z,5.000,mb
us7000qa5e,2025-07-02T06:26:48.945Z,5.600,mww
us7000qa5h,2025-07-02T07:15:26.742Z,5.600,mww
us7000qa5i,2025-07-02T07:17:57.148Z,5.000,mb
us7000qa7e,2025-07-02T15:49:18.476Z,5.200,mww
us7000qa92,2025-07-02T16:58:04.671Z,5.200,mb
us7000qaby,2025-07-03T00:12:51.937Z,5.300,mww
us7000qad7,2025-07-03T05:41:43.206Z,5.400,mww
us7000qade,2025-07-03T06:13:57.017Z,5.000,mb
us7000qadp,2025-07-03T07:13:00.356Z,5.500,mww
us7000qae0,2025-07-03T08:40:09.115Z,5.100,mb
us7000qaeh,2025-07-03T10:39:24.085Z,5.400,mww
us7000qafs,2025-07-03T13:39:21.800Z,5.100,mww
us7000qaif,2025-07-03T17:50:57.651Z,5.000,mb
us7000qal5,2025-07-04T05:33:51.401Z,5.200,mww
us7000qalz,2025-07-04T08:55:11.713Z,5.000,mww
us7000qamr,2025-07-04T15:47:45.649Z,5.600,mww
us7000qarl,2025-07-04T21:29:39.130Z,5.400,mww
us7000qavc,2025-07-05T19:42:20.755Z,5.500,mww
us7000qavd,2025-07-05T19:47:31.025Z,5.300,mww
us7000qaxw,2025-07-06T03:07:23.514Z,5.200,mww
us7000qaxz,2025-07-06T03:39:50.343Z,5.100,mb
us7000qayf,2025-07-06T05:07:02.820Z,5.500,mww
us7000qaz4,2025-07-06T08:21:51.507Z,5.300,mww
us7000qaza,2025-07-06T09:40:34.575Z,5.000,mb
us7000qazs,2025-07-06T11:27:43.745Z,5.100,mww
us7000qb08,2025-07-06T13:33:48.287Z,5.200,mb
us7000qb20,2025-07-06T20:31:42.999Z,5.500,mww
us7000qb29,2025-07-06T22:38:03.796Z,5.000,mb
us7000qb44,2025-07-07T09:42:21.280Z,5.000,mb
us7000qb4a,2025-07-07T10:16:02.145Z,5.100,mb
us7000qb4s,2025-07-07T12:53:44.013Z,6.200,mww
us7000qbba,2025-07-08T11:40:06.707Z,5.000,mb
us7000qbc5,2025-07-08T14:38:14.774Z,5.200,mww
us7000qbdr,2025-07-08T16:48:27.318Z,5.100,mww
us7000qbe3,2025-07-08T17:11:55.983Z,5.200,mww
us7000qbe5,2025-07-08T17:22:03.584Z,5.200,mww
us7000qbfv,2025-07-08T21:41:31.063Z,5.700,mww
us7000qbgp,2025-07-08T23:50:42.065Z,5.100,mww
us7000qbk1,2025-07-09T12:31:59.987Z,5.300,mww
us7000qbn2,2025-07-09T19:11:59.442Z,5.200,mww
us7000qbp5,2025-07-09T22:12:56.764Z,5.000,mb
us7000qbr5,2025-07-10T04:46:55.108Z,5.200,mww
us7000qbrz,2025-07-10T09:26:05.437Z,5.000,mww
us7000qbsz,2025-07-10T13:19:21.997Z,5.000,mww
us7000qbyc,2025-07-11T02:07:39.296Z,5.100,mww
us7000qbz6,2025-07-11T07:09:25.866Z,5.100,mb
us7000qc0q,2025-07-11T12:45:15.098Z,5.000,mb
us7000qc58,2025-07-11T20:09:46.632Z,5.100,mww
us7000qc6r,2025-07-12T02:01:23.199Z,5.000,mb
us7000qc7q,2025-07-12T05:16:47.050Z,5.300,mww
us7000qcd6,2025-07-13T05:56:58.916Z,5.000,mb
us7000qcd8,2025-07-13T06:16:53.448Z,5.300,mww
us7000qceg,2025-07-13T11:19:33.229Z,5.000,mww
us7000qceh,2025-07-13T11:28:57.083Z,5.000,mb
us7000qcet,2025-07-13T13:14:40.966Z,5.200,mww
us7000qcft,2025-07-13T17:08:33.932Z,5.100,mww
us7000qcif,2025-07-14T05:13:28.590Z,5.200,mww
us7000qcih,2025-07-14T05:39:09.733Z,5.200,mww
us7000qcik,2025-07-14T05:49:58.119Z,6.700,mww
us7000qcjp,2025-07-14T06:28:13.570Z,5.000,mb
us7000qcky,2025-07-14T12:52:18.542Z,5.000,mww
us7000qclp,2025-07-14T17:16:49.051Z,6.200,mww
us7000qcmt,2025-07-14T17:44:35.717Z,5.100,mb
us7000qcp2,2025-07-14T21:37:59.420Z,5.800,mww
us7000qcqe,2025-07-15T02:38:19.611Z,5.400,mww
us7000qcqt,2025-07-15T04:20:00.992Z,5.200,mww
us7000qcqx,2025-07-15T04:27:12.564Z,5.000,mb
us7000qcrv,2025-07-15T09:55:01.981Z,5.700,mww
us7000qctd,2025-07-15T17:15:55.394Z,5.800,mww
us7000qcvv,2025-07-15T21:16:53.816Z,5.200,mb
us7000qczj,2025-07-16T12:52:32.881Z,5.200,mb
us7000qd00,2025-07-16T14:21:52.330Z,5.000,mww
us7000qd09,2025-07-16T16:02:01.151Z,5.000,mb
us7000qd1y,2025-07-16T20:37:41.667Z,7.300,mww
us7000qd56,2025-07-16T20:42:15.037Z,5.400,mb
us7000qd2q,2025-07-16T22:10:49.007Z,5.200,mb
us7000qd41,2025-07-17T01:12:21.887Z,5.100,mwr
us7000qd49,2025-07-17T02:09:43.868Z,5.200,mwr
us7000qd4n,2025-07-17T04:30:37.038Z,5.600,mww
us7000qd5x,2025-07-17T07:15:34.781Z,5.100,mb
us7000qd66,2025-07-17T07:57:57.420Z,5.000,mb
us7000qd6b,2025-07-17T09:04:25.461Z,5.600,mww
us7000qd85,2025-07-17T16:04:20.352Z,5.100,mww
us7000qd9t,2025-07-17T19:02:12.403Z,5.200,mb
us7000qdaj,2025-07-17T20:31:30.957Z,5.100,mww
us7000qdcl,2025-07-18T04:51:30.392Z,5.000,mww
us7000qdd1,2025-07-18T06:28:08.867Z,5.300,mww
us7000qdd4,2025-07-18T06:49:17.349Z,5.100,mww
us7000qddt,2025-07-18T09:19:12.108Z,5.100,mww
us7000qddu,2025-07-18T09:30:03.349Z,5.100,mww
us7000qde2,2025-07-18T10:17:53.304Z,5.100,mww
us7000qdeb,2025-07-18T11:15:16.671Z,5.200,mww
us7000qdec,2025-07-18T11:27:33.204Z,5.300,mww
us7000qdky,2025-07-19T01:34:46.375Z,5.300,mww
us7000qdl4,2025-07-19T01:58:43.536Z,5.000,mb
us7000qdlq,2025-07-19T04:28:21.974Z,5.000,mb
us7000qdrz,2025-07-19T06:53:41.553Z,5.000,mww
us7000qdu5,2025-07-19T15:28:45.340Z,5.400,mww
us7000qdue,2025-07-19T15:55:07.768Z,5.600,mww
us7000qduj,2025-07-19T16:25:20.575Z,5.400,mww
us7000qdw8,2025-07-19T21:26:39.667Z,5.200,mww
us7000qdwb,2025-07-19T21:37:47.538Z,5.100,mww
us7000qdxz,2025-07-20T05:45:33.448Z,5.500,mww
us7000qdy4,2025-07-20T06:02:51.862Z,5.000,mb
us7000qdye,2025-07-20T06:28:17.860Z,6.600,mww
us7000qdzh,2025-07-20T06:31:28.528Z,5.200,mb
us7000qdyl,2025-07-20T06:49:04.327Z,7.400,mww
us6000qxca,2025-07-20T06:56:03.710Z,5.600,mb
us6000qxd0,2025-07-20T06:57:59.956Z,5.300,mb
us7000qdyv,2025-07-20T07:02:09.059Z,5.200,mb
us7000qdyz,2025-07-20T07:06:22.946Z,5.200,mb
us7000qdyw,2025-07-20T07:07:42.573Z,6.600,mww
us7000qdzf,2025-07-20T07:09:47.134Z,5.600,mb
us7000qdz0,2025-07-20T07:12:58.030Z,5.700,mb
us7000qdz7,2025-07-20T07:18:55.094Z,5.300,mb
us7000qdz2,2025-07-20T07:23:02.065Z,6.500,mww
us7000qdz8,2025-07-20T07:26:17.432Z,5.900,mb
us7000qdzg,2025-07-20T07:53:24.391Z,5.000,mb
us7000qdzs,2025-07-20T08:31:00.521Z,5.200,mb
us7000qe06,2025-07-20T09:30:53.694Z,5.100,mb
us7000qe0e,2025-07-20T10:03:40.371Z,5.200,mb
us7000qe26,2025-07-20T15:03:50.321Z,5.000,mb
us7000qe2a,2025-07-20T15:32:26.370Z,5.200,mb
us7000qe2b,2025-07-20T15:43:17.208Z,5.100,mb
us7000qe2c,2025-07-20T15:44:32.940Z,5.200,mb
us7000qe2h,2025-07-20T16:13:57.986Z,5.200,mb
us7000qe2t,2025-07-20T17:09:44.595Z,5.100,mb
us7000qe30,2025-07-20T17:10:20.329Z,5.500,mww
us7000qe32,2025-07-20T17:37:05.071Z,5.300,mww
us7000qe49,2025-07-20T20:31:26.551Z,5.100,mww
us7000qe51,2025-07-20T22:28:00.041Z,6.200,mww
us7000qe5a,2025-07-20T23:10:08.625Z,5.100,mb
us7000qe7h,2025-07-21T07:08:13.143Z,5.000,mb
us7000qe8m,2025-07-21T10:25:14.191Z,5.200,mww
us7000qe8s,2025-07-21T10:36:30.171Z,5.200,mww
us7000qeaf,2025-07-21T14:33:44.991Z,5.000,mww
us7000qeak,2025-07-21T14:37:19.732Z,5.000,mb
us7000qean,2025-07-21T15:14:20.671Z,5.200,mww
us6000qtxa,2025-07-21T16:20:15.431Z,5.100,mww
us6000qtxh,2025-07-21T16:41:07.858Z,5.800,mww
us6000qtxw,2025-07-21T16:50:42.669Z,5.000,mb
us6000qtzg,2025-07-21T19:07:19.999Z,5.000,mb
us6000qu1q,2025-07-22T01:58:57.357Z,5.300,mb
us6000qu2r,2025-07-22T01:59:28.404Z,6.000,mww
us6000qu1u,2025-07-22T02:07:37.582Z,5.300,mb
us6000qu22,2025-07-22T02:34:06.787Z,5.000,mb
us6000qu2u,2025-07-22T05:04:08.123Z,5.500,mww
us6000qu2t,2025-07-22T05:09:28.534Z,5.000,mb
us6000qu3g,2025-07-22T06:38:16.286Z,5.100,mb
us6000qu3m,2025-07-22T08:18:14.707Z,5.000,mb
us6000qu3r,2025-07-22T08:40:13.254Z,5.000,mb
us6000qu4k,2025-07-22T12:21:01.947Z,5.000,mww
us6000qu9h,2025-07-22T23:58:28.346Z,5.400,mww
us6000quaf,2025-07-23T03:24:00.770Z,5.600,mww
us6000qubl,2025-07-23T08:25:29.283Z,5.200,mww
us6000qubz,2025-07-23T10:02:21.981Z,5.300,mww
us6000quc4,2025-07-23T10:37:21.715Z,5.200,mb
us6000qucv,2025-07-23T13:26:54.279Z,5.100,mww
us6000qufs,2025-07-23T20:01:31.303Z,5.100,mww
us6000qugg,2025-07-23T20:50:43.792Z,6.300,mww
us6000quiv,2025-07-24T00:46:20.620Z,5.200,mww
us6000quk3,2025-07-24T06:34:54.419Z,5.300,mww
us6000qukc,2025-07-24T08:34:36.949Z,5.000,mb
us6000qulb,2025-07-24T13:06:57.472Z,5.500,mww
us6000qulk,2025-07-24T13:08:16.319Z,5.600,mww
us6000qun0,2025-07-24T16:37:18.726Z,5.700,mww
us6000quqk,2025-07-24T19:22:39.525Z,5.400,mww
us6000quxn,2025-07-24T22:37:27.147Z,6.000,mww
us6000quxr,2025-07-24T22:39:24.305Z,5.800,mb
us6000quy1,2025-07-24T23:37:56.601Z,6.600,mww
us6000quyn,2025-07-25T01:29:02.957Z,5.500,mww
us6000quzc,2025-07-25T03:20:11.338Z,5.100,mb
us6000qv0l,2025-07-25T09:44:33.501Z,5.300,mww
us6000qv1a,2025-07-25T11:13:01.067Z,5.000,mww
us6000qv1b,2025-07-25T11:22:02.292Z,6.200,mww
us6000qv3y,2025-07-25T12:45:55.345Z,5.700,mww
us6000qv7n,2025-07-25T21:29:58.920Z,5.800,mww
us6000qv8s,2025-07-25T23:15:08.826Z,5.000,mb
us6000qv9g,2025-07-26T05:03:53.539Z,5.300,mww
us6000qv9l,2025-07-26T05:31:46.303Z,5.600,mww
us6000qv9s,2025-07-26T05:50:35.910Z,5.000,mb
us6000qvbw,2025-07-26T16:15:04.546Z,6.200,mww
us6000qvd3,2025-07-26T18:54:23.644Z,5.000,mb
us6000qvdh,2025-07-26T20:46:50.175Z,5.000,mb
us6000qvdz,2025-07-26T23:09:39.073Z,5.100,mww
us6000qves,2025-07-27T02:45:26.329Z,5.300,mww
us6000qvgw,2025-07-27T09:30:37.512Z,5.600,mww
us6000qvgz,2025-07-27T09:37:14.601Z,5.200,mb
us6000qvj2,2025-07-27T22:47:05.173Z,5.300,mww
us6000qvj6,2025-07-27T23:40:01.998Z,5.300,mww
us6000qvjx,2025-07-28T03:10:28.080Z,5.200,mww
us6000qvk1,2025-07-28T03:54:33.561Z,5.000,mww
us6000qvlw,2025-07-28T11:45:03.459Z,5.100,mb
us6000qvm7,2025-07-28T13:38:20.566Z,5.200,mww
us6000qvpp,2025-07-28T18:41:50.299Z,6.400,mww
us6000qvsf,2025-07-28T22:10:35.109Z,7.000,mww
us6000qvvp,2025-07-28T22:15:20.890Z,5.800,mb
us6000qz71,2025-07-28T22:18:44.052Z,5.100,mb
us6000qvsl,2025-07-28T22:20:41.377Z,5.300,mb
us6000qvuf,2025-07-28T22:58:59.483Z,5.000,mb
us6000qvup,2025-07-29T00:21:16.655Z,5.400,mb
us6000qvuu,2025-07-29T00:44:09.871Z,5.100,mb
us6000qvw7,2025-07-29T07:14:17.467Z,5.100,mb
us6000qvx9,2025-07-29T12:04:25.042Z,5.200,mww
us6000qw06,2025-07-29T16:11:34.441Z,5.000,mb
us6000qw18,2025-07-29T17:46:37.267Z,5.800,mww
us6000qw1a,2025-07-29T17:53:40.918Z,6.600,mww
us6000qw58,2025-07-29T21:21:47.885Z,5.600,mww
us6000qw59,2025-07-29T21:25:23.916Z,5.700,mww
us6000qw5x,2025-07-29T23:05:21.056Z,5.200,mww
us6000qw60,2025-07-29T23:24:52.483Z,8.800,mww
us6000r0y5,2025-07-29T23:30:03.032Z,6.300,mb
us6000r0xw,2025-07-29T23:30:44.566Z,6.100,mb
us6000r0xt,2025-07-29T23:31:25.020Z,5.900,mb
us6000r0q2,2025-07-29T23:34:53.625Z,5.900,mb
us6000r0qc,2025-07-29T23:36:01.341Z,6.000,mb
us6000qwhj,2025-07-29T23:37:34.403Z,6.000,mb
us6000r0ql,2025-07-29T23:38:28.604Z,5.700,mb
us6000r0qg,2025-07-29T23:38:56.675Z,5.800,mb
us6000qwhh,2025-07-29T23:40:27.004Z,5.700,mb
us6000r0px,2025-07-29T23:43:03.665Z,5.200,mb
us6000r0pv,2025-07-29T23:44:54.409Z,5.400,mb
us6000r0qb,2025-07-29T23:45:28.076Z,5.400,mb
us6000r0qh,2025-07-29T23:45:54.578Z,5.000,mb
us6000qwi3,2025-07-29T23:46:37.801Z,5.700,mb
us6000qw6g,2025-07-29T23:48:17.525Z,5.600,mb
us6000r0qi,2025-07-29T23:49:01.142Z,5.100,mb
us6000qw6m,2025-07-29T23:49:16.697Z,5.400,mb
us6000r0py,2025-07-29T23:50:21.143Z,5.400,mb
us6000r0pu,2025-07-29T23:51:55.044Z,5.000,mb
us6000r0qf,2025-07-29T23:54:34.195Z,5.200,mb
us6000r0pw,2025-07-29T23:54:58.717Z,5.700,mb
us6000qw6i,2025-07-29T23:56:30.332Z,5.100,mb
us6000r0qd,2025-07-29T23:57:58.930Z,5.100,mb
us6000r10g,2025-07-30T00:01:04.828Z,5.200,mb
us6000qw6r,2025-07-30T00:04:47.327Z,5.200,mb
us6000r10h,2025-07-30T00:07:34.269Z,5.100,mb
us6000r12g,2025-07-30T00:08:39.203Z,5.200,mb
us6000r12i,2025-07-30T00:09:32.623Z,5.000,mb
us6000qw6q,2025-07-30T00:09:58.961Z,6.900,mww
us6000r1em,2025-07-30T00:12:20.745Z,5.800,mb
us6000r12j,2025-07-30T00:15:56.675Z,5.200,mb
us6000qw6s,2025-07-30T00:16:06.520Z,6.200,mb
us6000r10j,2025-07-30T00:22:38.854Z,5.000,mb
us6000r10i,2025-07-30T00:23:54.632Z,5.300,mb
us6000r1ga,2025-07-30T00:24:10.598Z,5.200,mb
us6000r1d7,2025-07-30T00:26:05.940Z,5.400,mb
us6000r1eu,2025-07-30T00:27:44.960Z,5.000,mb
us6000r12p,2025-07-30T00:28:13.843Z,5.000,mb
us6000qw6y,2025-07-30T00:31:15.562Z,5.400,mb
us6000qw6z,2025-07-30T00:35:26.004Z,5.700,mb
us6000r10q,2025-07-30T00:40:59.302Z,5.300,mb
us6000r10l,2025-07-30T00:41:29.428Z,5.200,mb
us6000r10p,2025-07-30T00:48:18.886Z,5.200,mb
us6000r12q,2025-07-30T00:49:15.321Z,5.100,mb
us6000r10r,2025-07-30T00:50:09.012Z,5.100,mb
us6000r10m,2025-07-30T00:51:59.844Z,5.300,mb
us6000qw73,2025-07-30T00:55:02.822Z,5.100,mb
us6000r130,2025-07-30T00:56:02.856Z,5.300,mb
us6000qw74,2025-07-30T00:58:38.149Z,5.700,mb
us6000r10u,2025-07-30T01:01:29.830Z,5.000,mb
us6000r1gl,2025-07-30T01:02:11.309Z,5.000,mb
us6000qw75,2025-07-30T01:03:22.907Z,5.700,mb
us6000r10v,2025-07-30T01:04:35.521Z,5.300,mb
us6000r1fn,2025-07-30T01:05:36.618Z,5.100,mb
us6000r137,2025-07-30T01:06:14.313Z,5.000,mb
us6000qw78,2025-07-30T01:07:01.742Z,5.200,mb
us6000r1h9,2025-07-30T01:09:32.871Z,5.000,mb
us6000qw7b,2025-07-30T01:11:30.575Z,5.300,mb
us6000r1fm,2025-07-30T01:12:50.690Z,5.000,mb
us6000r110,2025-07-30T01:16:40.241Z,5.100,mb
us6000qw7d,2025-07-30T01:20:35.630Z,5.400,mb
us6000r1gd,2025-07-30T01:21:09.640Z,5.300,mb
us6000r11z,2025-07-30T01:22:03.759Z,5.100,mb
us6000r10z,2025-07-30T01:29:33.385Z,5.000,mb
us6000qw7f,2025-07-30T01:38:16.776Z,5.600,mb
us6000qw7g,2025-07-30T01:40:04.205Z,5.400,mb
us6000qw7h,2025-07-30T01:46:52.665Z,5.500,mb
us6000r1gf,2025-07-30T01:48:15.933Z,5.100,mb
us6000qw7l,2025-07-30T01:52:11.436Z,5.300,mb
us6000qw7r,2025-07-30T02:05:09.916Z,5.000,mb
us6000r140,2025-07-30T02:05:48.878Z,5.300,mb
us6000qw82,2025-07-30T02:19:53.788Z,5.000,mb
us6000r149,2025-07-30T02:24:45.483Z,5.200,mb
us6000qw83,2025-07-30T02:25:08.939Z,5.000,mb
us6000qw86,2025-07-30T02:27:30.416Z,5.700,mb
us6000qw87,2025-07-30T02:30:40.490Z,5.900,mb
us6000r148,2025-07-30T02:32:56.522Z,5.300,mb
us6000qw8c,2025-07-30T02:42:46.549Z,5.200,mb
us6000qw8h,2025-07-30T02:53:15.542Z,5.100,mb
us6000qw8p,2025-07-30T03:11:22.761Z,5.300,mb
us6000r11i,2025-07-30T03:12:25.785Z,5.200,mb
us6000qw8r,2025-07-30T03:13:25.319Z,5.500,mb
us6000r1gk,2025-07-30T03:13:56.616Z,5.500,mb
us6000qw92,2025-07-30T03:16:28.679Z,5.300,mb
us6000qw8v,2025-07-30T03:19:25.126Z,5.400,mb
us6000qwdd,2025-07-30T03:22:52.288Z,5.000,mb
us6000qw94,2025-07-30T03:25:54.468Z,5.500,mb
us6000r11n,2025-07-30T03:27:34.800Z,5.100,mb
us6000qw9v,2025-07-30T03:57:14.025Z,5.100,mb
us6000qw9z,2025-07-30T04:03:44.884Z,5.400,mb
us6000qwai,2025-07-30T04:16:45.383Z,5.100,mb
us6000qwah,2025-07-30T04:25:14.790Z,5.600,mb
us6000r1e5,2025-07-30T04:27:15.157Z,5.000,mb
us6000qwd8,2025-07-30T04:29:45.318Z,5.200,mb
us6000qwas,2025-07-30T04:48:13.526Z,5.000,mb
us6000qwaz,2025-07-30T04:54:18.544Z,5.300,mb
us6000qwb5,2025-07-30T04:59:33.818Z,5.000,mb
us6000qwb4,2025-07-30T05:05:15.426Z,5.600,mb
us6000qwb7,2025-07-30T05:09:02.899Z,5.300,mb
us6000r12b,2025-07-30T05:12:01.821Z,5.000,mb
us6000qwbd,2025-07-30T05:17:54.139Z,5.200,mb
us6000qwbb,2025-07-30T05:19:31.235Z,5.400,mb
us6000qwbi,2025-07-30T05:30:21.775Z,5.400,mb
us6000qwbm,2025-07-30T05:37:11.686Z,5.300,mb
us6000qwc7,2025-07-30T06:21:29.067Z,5.300,mb
us6000qwcc,2025-07-30T06:26:10.816Z,5.200,mb
us6000qwch,2025-07-30T06:37:40.590Z,5.000,mb
us6000qwcx,2025-07-30T06:57:34.905Z,5.000,mb
us6000qwd1,2025-07-30T07:09:28.028Z,5.000,mb
us6000qwd4,2025-07-30T07:15:29.719Z,5.000,mb
us6000qwd6,2025-07-30T07:23:24.227Z,5.200,mb
us6000qwd7,2025-07-30T07:34:42.923Z,5.600,mb
us6000qwdi,2025-07-30T07:45:04.227Z,5.100,mb
us6000qwdk,2025-07-30T07:58:21.418Z,5.300,mb
us6000qwe5,2025-07-30T08:40:26.898Z,5.000,mb
us6000qwed,2025-07-30T08:47:49.399Z,5.100,mb
us6000qweh,2025-07-30T08:53:05.572Z,5.000,mb
us6000qwes,2025-07-30T09:12:29.439Z,5.300,mb
us6000qwex,2025-07-30T09:24:39.757Z,5.500,mb
us6000qwfe,2025-07-30T09:56:13.780Z,6.100,mwb
us6000r1cz,2025-07-30T09:57:27.860Z,5.400,mb
us6000qwfp,2025-07-30T10:09:40.868Z,5.200,mb
us6000qwft,2025-07-30T10:13:04.356Z,5.100,mb
us6000r16d,2025-07-30T11:23:26.522Z,5.000,mb
us6000qwgf,2025-07-30T11:26:37.826Z,5.100,mb
us6000qwgi,2025-07-30T11:38:10.515Z,5.100,mb
us6000qwgt,2025-07-30T12:01:56.077Z,5.100,mb
us6000qwh6,2025-07-30T12:26:21.452Z,5.000,mb
us6000qwhc,2025-07-30T12:44:43.179Z,5.300,mb
us6000qwia,2025-07-30T14:00:21.156Z,5.100,mb
us6000r1a6,2025-07-30T14:01:34.876Z,5.100,mb
us6000qwif,2025-07-30T14:21:37.233Z,5.100,mb
us6000r1ac,2025-07-30T14:24:05.247Z,5.000,mb
us6000qwim,2025-07-30T14:35:41.582Z,5.200,mb
us6000qwiq,2025-07-30T14:47:43.816Z,5.900,mwb
us6000qwiy,2025-07-30T14:57:25.933Z,5.200,mb
us6000qwiz,2025-07-30T15:00:42.526Z,5.200,mb
us6000qwj7,2025-07-30T15:17:02.938Z,5.200,mb
us6000qwju,2025-07-30T16:01:12.330Z,5.200,mb
us6000qwk1,2025-07-30T16:07:46.668Z,6.000,mwb
us6000qwlc,2025-07-30T16:47:12.839Z,5.700,mb
us6000qwle,2025-07-30T16:57:34.771Z,5.600,mb
us6000r1bi,2025-07-30T16:59:42.464Z,5.100,mb
us6000qwli,2025-07-30T17:13:57.772Z,5.000,mb
us6000qwmb,2025-07-30T17:20:32.389Z,5.200,mb
us6000r1fa,2025-07-30T17:21:03.426Z,5.000,mb
us6000qwmy,2025-07-30T17:31:38.205Z,5.300,mb
us6000qwnd,2025-07-30T18:05:37.893Z,5.200,mb
us6000qwnj,2025-07-30T18:20:54.834Z,5.000,mb
us6000qwp4,2025-07-30T19:03:12.033Z,5.000,mb
us6000qwp5,2025-07-30T19:08:40.448Z,5.300,mb
us6000qwpj,2025-07-30T19:49:07.256Z,5.200,mb
us6000qwps,2025-07-30T20:02:21.797Z,5.000,mb
us6000qwq0,2025-07-30T20:24:53.921Z,5.000,mb
us6000qwqe,2025-07-30T20:51:40.099Z,5.100,mb
us6000qwqm,2025-07-30T21:13:01.237Z,5.600,mww
us6000qwqs,2025-07-30T21:14:42.256Z,5.300,mb
us6000qwqr,2025-07-30T21:32:33.454Z,5.200,mb
us6000qwqx,2025-07-30T21:50:36.174Z,5.100,mb
us6000qwr5,2025-07-30T21:51:11.837Z,5.700,mwb
us6000r1h3,2025-07-30T21:52:20.580Z,5.100,mb
us6000qwri,2025-07-30T22:48:20.133Z,5.100,mb
us6000qwrs,2025-07-30T23:15:30.093Z,5.800,mwb
us6000r1cg,2025-07-30T23:17:20.560Z,5.000,mb
us6000qwrv,2025-07-30T23:20:37.802Z,5.000,mb
us6000qwrw,2025-07-30T23:27:20.829Z,5.000,mb
us6000qws9,2025-07-31T00:06:43.115Z,5.000,mb
us6000qwsa,2025-07-31T00:12:18.863Z,5.000,mb
us6000qwt5,2025-07-31T02:29:17.015Z,5.100,mb
us6000qwtd,2025-07-31T02:38:03.744Z,5.300,mb
us6000qwu5,2025-07-31T04:08:15.878Z,5.000,mb
us6000qwuh,2025-07-31T05:27:14.789Z,6.200,mww
us6000r2f0,2025-07-31T05:31:25.745Z,5.600,mb
us6000qwul,2025-07-31T06:00:17.781Z,5.000,mb
us6000qwut,2025-07-31T06:49:32.183Z,5.100,mb
us6000qwuv,2025-07-31T06:51:37.683Z,5.400,mb
us6000qwv0,2025-07-31T06:59:46.928Z,5.200,mb
us6000qwv7,2025-07-31T07:21:40.786Z,5.200,mb
us6000qwvb,2025-07-31T07:42:42.827Z,5.500,mb
usd0013iej,2025-07-31T09:10:54.179Z,5.200,mb
usd0013ifb,2025-07-31T11:59:57.482Z,5.200,mb
usd0013ifi,2025-07-31T12:40:16.937Z,5.100,mb
usd0013ifp,2025-07-31T13:01:13.295Z,5.200,mb
us6000qwxr,2025-07-31T13:39:07.577Z,5.400,mb
us6000qwxy,2025-07-31T14:11:51.507Z,5.000,mb
us6000qwy5,2025-07-31T14:29:25.779Z,5.200,mb
us6000qwy7,2025-07-31T14:34:51.979Z,5.200,mww
us6000qwyk,2025-07-31T14:55:44.390Z,5.000,mww
us6000qwzh,2025-07-31T16:40:59.719Z,5.100,mb
us6000qx06,2025-07-31T17:52:52.350Z,5.000,mb
us6000qx17,2025-07-31T18:41:00.216Z,5.100,mb
us6000qx2r,2025-07-31T20:36:03.253Z,5.700,mww
us6000qx2v,2025-07-31T20:59:44.794Z,5.000,mb
us6000qx3x,2025-07-31T22:13:24.474Z,5.000,mb
us6000qx52,2025-08-01T01:00:17.653Z,5.000,mb
us6000qx6a,2025-08-01T01:36:37.158Z,5.400,mww
us6000qx6h,2025-08-01T01:53:21.540Z,5.100,mb
us6000qx6r,2025-08-01T02:48:55.792Z,5.100,mb
us6000qx72,2025-08-01T03:39:43.467Z,5.300,mww
us6000qx7i,2025-08-01T05:02:17.490Z,5.000,mb
us6000qx7j,2025-08-01T05:06:51.172Z,5.000,mb
us6000qx85,2025-08-01T07:44:11.420Z,5.300,mb
us6000qx8j,2025-08-01T08:31:58.279Z,5.100,mb
us6000qx8k,2025-08-01T08:34:25.369Z,5.700,mww
us6000qx8w,2025-08-01T09:45:17.310Z,5.000,mb
us6000qx98,2025-08-01T10:54:58.030Z,5.700,mww
us6000qx9e,2025-08-01T10:59:58.080Z,5.100,mb
us6000qx9r,2025-08-01T11:57:23.128Z,5.900,mww
us6000qx9t,2025-08-01T12:02:08.871Z,5.400,mb
us6000qxa2,2025-08-01T12:39:36.587Z,5.300,mb
us6000qxa9,2025-08-01T13:26:34.937Z,5.000,mb
us6000qxae,2025-08-01T13:44:14.297Z,5.600,mww
us6000qxfn,2025-08-01T18:20:45.177Z,6.100,mww
us6000r36c,2025-08-01T18:23:54.613Z,5.300,mb
us6000qxgh,2025-08-01T18:28:07.260Z,5.000,mb
us6000qxga,2025-08-01T18:51:56.694Z,5.000,mb
us6000qxgb,2025-08-01T18:53:10.397Z,5.500,mb
us6000r35h,2025-08-01T18:55:22.372Z,5.200,mb
us6000qxhm,2025-08-01T20:07:57.447Z,5.400,mww
us6000qxi9,2025-08-01T20:08:12.598Z,5.600,mb
us6000qxie,2025-08-01T20:32:24.025Z,5.000,mb
us6000qxit,2025-08-01T21:03:34.937Z,5.000,mww
us6000qxj2,2025-08-01T22:03:02.263Z,5.400,mww
us6000qxja,2025-08-01T22:27:37.276Z,5.400,mww
us6000qxjc,2025-08-01T22:29:15.586Z,5.000,mb
us6000qxjg,2025-08-01T22:51:30.380Z,5.100,mb
us6000qxme,2025-08-02T11:06:02.190Z,5.400,mww
us6000qxn6,2025-08-02T14:14:03.328Z,6.000,mww
us6000qxna,2025-08-02T14:18:45.900Z,5.200,mb
us6000qxnx,2025-08-02T16:41:25.242Z,5.200,mww
us6000qxp3,2025-08-02T17:20:26.494Z,5.000,mww
us6000qxpd,2025-08-02T17:58:45.419Z,5.800,mww
us6000qxqy,2025-08-02T21:11:51.249Z,5.100,mb
us6000qxrx,2025-08-03T00:10:00.125Z,5.000,mb
us6000qxsd,2025-08-03T02:26:17.530Z,5.800,mww
us6000qxsm,2025-08-03T04:01:26.949Z,5.100,mb
us6000qxsv,2025-08-03T04:57:10.505Z,6.300,mww
us6000qxt4,2025-08-03T05:37:55.148Z,6.800,mww
us6000qxuq,2025-08-03T11:42:52.497Z,5.000,mb
us6000qxv6,2025-08-03T12:38:18.099Z,5.100,mww
us6000qxv7,2025-08-03T12:38:31.661Z,5.000,mww
us6000qxva,2025-08-03T13:25:21.996Z,5.200,mb
us6000qxvr,2025-08-03T14:26:45.416Z,5.600,mww
us6000qxvy,2025-08-03T14:29:29.264Z,5.200,mb
us6000qxw9,2025-08-03T15:48:05.438Z,5.400,mww
us6000qxxc,2025-08-03T18:07:33.204Z,5.600,mww
us6000qxxf,2025-08-03T18:18:57.247Z,5.100,mb
us6000qxxr,2025-08-03T19:27:10.456Z,5.100,mb
us6000qxxt,2025-08-03T19:38:01.588Z,5.100,mb
us6000qxxv,2025-08-03T19:47:39.298Z,5.100,mb
us6000qxxz,2025-08-03T20:08:49.569Z,5.100,mb
us6000qxyc,2025-08-03T21:22:00.476Z,5.000,mb
us6000qxyg,2025-08-03T21:55:09.933Z,5.100,mww
us6000qxz1,2025-08-04T00:44:25.496Z,5.100,mww
us6000qxzr,2025-08-04T03:36:11.284Z,5.000,mb
us6000qxzt,2025-08-04T03:54:22.142Z,5.000,mb
us6000qxzw,2025-08-04T04:20:54.562Z,6.200,mww
us6000qy0d,2025-08-04T06:48:35.755Z,5.000,mb
us6000qy2e,2025-08-04T16:46:11.384Z,5.200,mww
us6000qy3s,2025-08-04T21:06:20.379Z,5.000,mww
us6000qy4s,2025-08-05T01:47:35.974Z,5.100,mb
us6000qy67,2025-08-05T03:49:25.283Z,5.000,mb
us6000qy6g,2025-08-05T05:06:47.092Z,5.600,mww
pr2025217000,2025-08-05T09:23:51.280Z,5.700,ml
us6000qy83,2025-08-05T10:15:51.842Z,5.000,mb
us6000qy97,2025-08-05T13:44:09.731Z,5.100,mb
us7000qrpp,2025-08-05T21:44:51.938Z,5.100,mb
us6000qyf1,2025-08-05T21:45:40.981Z,5.200,mb
us6000qyfq,2025-08-06T00:56:40.452Z,5.000,mww
us6000qygj,2025-08-06T05:01:27.220Z,5.100,mww
us6000qyh2,2025-08-06T06:36:19.025Z,5.200,mww
us6000qykf,2025-08-06T10:35:08.011Z,5.800,mww
us6000qyki,2025-08-06T10:43:11.088Z,5.500,mww
us6000qyqz,2025-08-06T22:08:19.782Z,5.300,mww
us6000qyr9,2025-08-06T23:26:53.285Z,5.000,mb
us6000qys2,2025-08-07T02:12:45.129Z,5.300,mb
us6000qyt7,2025-08-07T07:45:05.200Z,5.500,mww
us6000qytl,2025-08-07T09:00:36.086Z,5.200,mb
us6000qywa,2025-08-07T15:28:59.818Z,5.000,mww
us6000qywk,2025-08-07T16:33:59.672Z,5.900,mww
us6000qyye,2025-08-07T18:35:36.894Z,5.000,mb
us6000qyzg,2025-08-07T22:07:40.814Z,5.100,mb
us6000qz20,2025-08-08T07:38:24.824Z,5.000,mww
us6000qz2v,2025-08-08T12:22:13.517Z,5.000,mww
us6000qz30,2025-08-08T13:05:05.192Z,5.000,mb
us6000qz82,2025-08-08T19:58:30.615Z,5.000,mb
us6000qz8m,2025-08-08T22:05:20.355Z,5.000,mww
us6000qz8x,2025-08-08T23:11:59.945Z,5.000,mb
us6000qzfb,2025-08-09T06:52:29.899Z,5.000,mww
us6000qzfl,2025-08-09T08:01:41.017Z,5.000,mww
us6000qzg3,2025-08-09T09:40:53.152Z,5.000,mb
us6000qzgj,2025-08-09T11:33:05.494Z,5.100,mww
us6000qzh9,2025-08-09T14:04:07.171Z,6.000,mww
us6000qzin,2025-08-09T20:40:57.876Z,5.900,mww
us6000qzki,2025-08-10T04:56:49.867Z,5.900,mww
us6000qzkp,2025-08-10T05:57:29.362Z,5.200,mww
us6000qzkx,2025-08-10T06:59:35.135Z,5.100,mww
us6000qzli,2025-08-10T09:29:17.072Z,5.000,mb
us6000qzls,2025-08-10T11:19:18.553Z,5.000,mww
us6000qzn9,2025-08-10T16:36:04.267Z,5.000,mb
us6000qznb,2025-08-10T16:53:47.260Z,6.100,mww
us6000qzqm,2025-08-11T02:11:41.171Z,5.000,mb
us6000qzqn,2025-08-11T02:20:59.773Z,5.800,mww
us6000qzrg,2025-08-11T06:37:40.608Z,5.100,mb
us6000qzsp,2025-08-11T12:05:13.675Z,5.000,mww
us6000qzuk,2025-08-11T17:25:33.995Z,5.000,mww
us6000qzz1,2025-08-11T21:02:38.654Z,5.000,mb
us6000r00b,2025-08-12T02:14:10.141Z,5.200,mww
us6000r00x,2025-08-12T05:08:31.126Z,5.300,mww
us6000r01m,2025-08-12T08:24:23.409Z,6.300,mww
us6000r02g,2025-08-12T09:11:13.041Z,5.400,mww
us6000r02m,2025-08-12T09:43:26.431Z,5.000,mb
us6000r03i,2025-08-12T13:41:28.882Z,5.600,mww
us6000r04e,2025-08-12T16:21:50.662Z,5.400,mww
us6000r06w,2025-08-12T20:24:00.688Z,5.100,mww
us6000r08a,2025-08-13T00:54:34.154Z,5.000,mww
us6000r09w,2025-08-13T06:38:02.353Z,5.100,mww
us6000r0aj,2025-08-13T08:07:12.597Z,5.000,mb
us6000r0az,2025-08-13T09:23:45.508Z,5.000,mb
us6000r0bl,2025-08-13T11:40:30.051Z,5.200,mww
us6000r0dl,2025-08-13T16:45:56.006Z,5.300,mww
us6000r0l4,2025-08-14T04:38:16.447Z,5.600,mww
us6000r0sa,2025-08-14T16:22:34.235Z,6.300,mww
us6000r0sb,2025-08-14T16:46:56.759Z,5.000,mb
us6000r0sy,2025-08-14T18:00:55.356Z,5.200,mww
us6000r0ul,2025-08-14T21:52:02.251Z,5.000,mww
us6000r0y7,2025-08-15T07:14:30.521Z,5.400,mww
us6000r0yd,2025-08-15T10:11:52.133Z,5.700,mww
us6000r0zd,2025-08-15T15:50:17.341Z,5.100,mww
us6000r1vi,2025-08-16T08:05:36.379Z,5.400,mww
us6000r1l5,2025-08-16T12:08:24.075Z,5.600,mww
us6000r1mt,2025-08-16T21:13:14.873Z,5.500,mww
us6000r1n3,2025-08-16T22:38:52.030Z,5.800,mww
us6000r1n5,2025-08-16T22:51:28.631Z,5.100,mww
us6000r1n6,2025-08-16T22:52:07.212Z,5.300,mww
us6000r1p8,2025-08-17T05:59:51.245Z,5.400,mww
us6000r1qp,2025-08-17T15:03:12.628Z,5.500,mww
us6000r1qu,2025-08-17T15:31:19.979Z,5.000,mb
us6000r1rf,2025-08-17T18:35:39.334Z,5.000,mb
us6000r1ri,2025-08-17T19:09:40.604Z,5.000,mww
us6000r1rj,2025-08-17T19:11:01.981Z,5.100,mww
us6000r1ud,2025-08-18T07:10:12.806Z,5.600,mww
us6000r1uh,2025-08-18T07:48:48.029Z,5.200,mww
us6000r1uy,2025-08-18T10:12:48.196Z,5.000,mww
us6000r1yj,2025-08-18T22:19:22.794Z,5.100,mww
us6000r1yq,2025-08-18T23:03:09.204Z,5.600,mww
us6000r1zv,2025-08-19T05:19:51.712Z,5.100,mww
us6000r201,2025-08-19T06:08:41.850Z,5.200,mww
us6000r222,2025-08-19T14:37:12.491Z,5.400,mb
us6000r22u,2025-08-19T17:33:14.436Z,5.400,mww
us6000r278,2025-08-19T21:38:00.474Z,5.000,mww
us6000r2hj,2025-08-20T17:13:18.581Z,5.000,mb
us6000r2l7,2025-08-20T21:24:55.732Z,5.100,mb
us6000r2s3,2025-08-21T11:21:03.945Z,5.800,mww
us6000r2sr,2025-08-21T14:06:59.160Z,5.000,mww
us6000r2uz,2025-08-21T22:34:44.484Z,5.600,mww
us6000r2xq,2025-08-22T02:16:18.246Z,7.500,mww
us6000r2yx,2025-08-22T03:17:24.781Z,5.100,mb
us6000r2z6,2025-08-22T04:56:14.177Z,5.300,mb
us6000r2z8,2025-08-22T05:18:54.453Z,5.100,mb
us6000r308,2025-08-22T09:33:39.108Z,5.000,mb
us6000r30q,2025-08-22T12:52:56.154Z,5.400,mww
us7000qwr5,2025-08-22T12:53:29.371Z,5.200,mb
us6000r32f,2025-08-22T15:57:40.273Z,5.000,mb
us6000r385,2025-08-23T00:10:54.678Z,5.500,mww
us6000r389,2025-08-23T00:43:42.343Z,5.000,mb
us6000r39a,2025-08-23T03:44:13.908Z,5.400,mww
us6000r39p,2025-08-23T04:22:25.994Z,5.200,mb
us6000r3at,2025-08-23T09:14:22.210Z,6.000,mww
us6000r3bg,2025-08-23T12:24:53.914Z,5.800,mww
us6000r3bz,2025-08-23T12:58:55.391Z,5.200,mb
us6000r3ck,2025-08-23T15:49:54.127Z,5.100,mww
us7000qwyb,2025-08-23T18:52:51.580Z,5.000,mb
us6000r3dw,2025-08-23T21:29:35.653Z,5.300,mww
us6000r3f2,2025-08-24T02:31:39.405Z,5.000,mb
us6000r3f5,2025-08-24T03:10:35.996Z,5.200,mww
us6000r3g6,2025-08-24T08:01:04.206Z,5.400,mww
us7000qxb4,2025-08-25T06:36:53.457Z,5.100,mb
us6000r3l7,2025-08-25T06:48:34.819Z,6.100,mww
us7000qqx7,2025-08-25T22:13:11.671Z,5.600,mww
us7000qqxi,2025-08-26T00:03:58.080Z,5.100,mb
us7000qqxt,2025-08-26T01:32:50.378Z,5.600,mww
us7000qqzj,2025-08-26T08:03:46.843Z,5.000,mww
us7000qr03,2025-08-26T12:25:28.568Z,5.100,mww
us7000qr6d,2025-08-26T20:16:10.377Z,5.000,mb
us7000qr6h,2025-08-26T20:33:38.281Z,5.400,mww
us7000qr7r,2025-08-27T00:04:37.994Z,5.200,mb
us7000qr7s,2025-08-27T00:10:36.929Z,5.200,mb
us7000qr8h,2025-08-27T03:49:50.441Z,6.000,mww
us7000qr91,2025-08-27T05:34:03.566Z,5.000,mb
us7000qr9v,2025-08-27T10:19:59.597Z,5.200,mww
us7000qra8,2025-08-27T13:10:59.947Z,5.300,mww
us7000qrab,2025-08-27T13:27:11.624Z,5.100,mww
us7000qrh7,2025-08-28T02:22:53.065Z,5.400,mb
us7000qrhi,2025-08-28T04:31:38.218Z,5.200,mb
us7000qrj0,2025-08-28T11:07:48.125Z,5.900,mww
us7000qrj3,2025-08-28T11:40:20.747Z,5.200,mww
us7000qrrv,2025-08-28T22:10:35.566Z,5.000,mww
us7000qru7,2025-08-29T09:14:25.405Z,5.100,mww
us7000qrw3,2025-08-29T16:29:22.449Z,5.500,mww
us7000qsfb,2025-08-29T22:58:35.442Z,5.200,mb
us7000qsfj,2025-08-29T23:48:30.294Z,5.000,mww
us7000qsfw,2025-08-29T23:53:58.326Z,5.100,mb
us7000qsj9,2025-08-30T09:35:17.566Z,5.000,mb
us7000qsk1,2025-08-30T13:35:34.169Z,5.000,mb
us7000qskb,2025-08-30T14:58:50.189Z,5.100,mww
us7000qskm,2025-08-30T16:59:41.326Z,5.000,mww
us7000qsly,2025-08-30T20:09:27.619Z,5.500,mww
us7000qspt,2025-08-31T03:50:18.687Z,5.200,mww
us7000qsu5,2025-08-31T16:24:27.451Z,5.600,mww
us7000qsvj,2025-08-31T19:17:34.124Z,6.000,mww
us7000qswe,2025-08-31T21:33:20.052Z,5.200,mb
us7000qsx4,2025-08-31T23:46:27.869Z,5.200,mb
us7000qszd,2025-09-01T08:58:24.362Z,5.000,mb
ak025b7povrc,2025-09-01T11:02:09.766Z,5.600,mww
us7000qt6k,2025-09-02T03:32:31.323Z,5.300,mww
us7000qt8g,2025-09-02T11:25:04.025Z,5.100,mb
us7000qt8u,2025-09-02T12:29:38.946Z,5.200,mb
us7000qtcu,2025-09-02T20:14:28.907Z,5.000,mb
us7000qtdt,2025-09-02T23:53:12.343Z,5.000,mww
us7000qtdv,2025-09-03T00:15:24.816Z,5.000,mb
us7000qte0,2025-09-03T00:37:56.691Z,5.000,mww
us7000qteq,2025-09-03T03:38:18.866Z,5.200,mww
us7000qthm,2025-09-03T14:56:45.140Z,5.300,mww
us7000qtm0,2025-09-03T20:57:47.645Z,5.900,mww
us7000qtmw,2025-09-03T22:45:45.860Z,5.000,mb
us7000qtmy,2025-09-03T22:56:11.878Z,5.000,mb
us7000qtpi,2025-09-04T04:10:08.732Z,5.000,mb
us7000qtpj,2025-09-04T04:10:19.917Z,5.900,mww
us7000qtpw,2025-09-04T04:37:49.099Z,5.200,mb
us7000qtr2,2025-09-04T09:38:40.579Z,5.200,mb
us7000qtra,2025-09-04T11:10:15.301Z,5.100,mb
us7000qtst,2025-09-04T16:56:26.361Z,5.600,mww
us7000qtvy,2025-09-04T19:01:14.016Z,5.200,mww
us7000qtwh,2025-09-04T19:54:26.248Z,5.200,mww
us7000qtxp,2025-09-04T22:38:37.778Z,5.200,mww
us7000qtzu,2025-09-05T01:27:41.972Z,5.000,mb
us7000qtzt,2025-09-05T01:30:02.494Z,5.300,mb
us7000qu8p,2025-09-05T17:25:50.466Z,5.200,mb
us7000qu91,2025-09-05T17:42:32.285Z,5.400,mww
us7000quaj,2025-09-05T20:55:10.484Z,5.200,mww
us7000qucj,2025-09-06T06:25:25.833Z,5.100,mww
us7000qufv,2025-09-06T19:55:06.035Z,5.000,mb
us7000qug7,2025-09-06T20:40:42.434Z,5.400,mww
us7000quir,2025-09-07T07:29:07.651Z,5.100,mww
us7000quj0,2025-09-07T08:31:26.163Z,5.000,mb
us7000qulz,2025-09-07T21:24:59.658Z,5.000,mb
us7000qumy,2025-09-08T01:27:24.660Z,5.200,mww
us7000qunb,2025-09-08T03:09:59.255Z,5.100,mb
us7000qupw,2025-09-08T08:26:11.322Z,5.100,mb
us7000quqk,2025-09-08T11:32:31.813Z,5.000,mww
us7000quup,2025-09-08T18:52:10.347Z,5.300,mww
us7000quvk,2025-09-08T21:27:56.372Z,5.000,mww
us7000quvp,2025-09-08T21:47:48.117Z,6.400,mww
us7000quvu,2025-09-08T22:33:19.764Z,5.200,mb
us7000quwy,2025-09-09T04:08:01.584Z,5.700,mww
us6000reas,2025-09-09T05:59:28.487Z,5.100,mww
us7000qv0n,2025-09-09T15:21:16.445Z,5.300,mww
us7000qv3g,2025-09-09T19:31:43.949Z,5.100,mww
us7000qvae,2025-09-10T18:03:51.804Z,5.200,mb
us7000qvav,2025-09-10T19:30:24.539Z,5.000,mb
us7000qvd6,2025-09-11T03:14:59.008Z,5.000,mb
us7000qvdb,2025-09-11T03:35:11.937Z,5.100,mww
us7000qvdn,2025-09-11T04:53:55.973Z,5.000,mb
us7000qvdj,2025-09-11T04:54:22.035Z,5.300,mb
us7000qves,2025-09-11T10:40:37.151Z,5.000,mb
us7000qvly,2025-09-12T03:31:04.097Z,5.300,mww
us7000qvmd,2025-09-12T04:50:35.650Z,5.000,mb
us7000qvra,2025-09-12T17:29:44.061Z,5.100,mb
us7000qvrf,2025-09-12T17:46:45.860Z,5.600,mww
us6000relq,2025-09-12T18:35:39.486Z,5.100,mb
us7000qvtg,2025-09-12T20:53:07.030Z,5.100,mww
us7000qvtp,2025-09-12T21:42:10.839Z,5.000,mb
us7000qvvb,2025-09-12T23:12:54.724Z,5.400,mww
us7000qvw5,2025-09-13T02:37:56.761Z,7.400,mww
us7000qvx7,2025-09-13T04:32:06.790Z,5.400,mb
us7000qvxp,2025-09-13T06:22:26.861Z,5.200,mb
us7000qvyf,2025-09-13T07:03:50.140Z,5.200,mb
us7000qw4k,2025-09-14T07:12:12.402Z,5.400,mww
us7000qw56,2025-09-14T11:11:51.373Z,5.500,mww
us7000qw63,2025-09-14T14:49:45.298Z,5.300,mb
us7000qw84,2025-09-15T00:06:36.965Z,5.200,mww
us7000qw8d,2025-09-15T01:39:54.470Z,5.200,mww
us7000qw9p,2025-09-15T09:16:21.100Z,5.000,mww
us7000qw9u,2025-09-15T09:55:12.225Z,5.100,mww
us7000qwch,2025-09-15T16:34:35.213Z,6.000,mww
us7000qwci,2025-09-15T17:15:42.652Z,5.000,mb
us7000qwfa,2025-09-16T03:41:52.928Z,5.100,mb
us7000qwfm,2025-09-16T06:05:58.585Z,5.000,mb
us7000qwg4,2025-09-16T09:02:37.586Z,5.100,mww
us7000qwir,2025-09-16T16:59:46.550Z,6.000,mww
us7000qwnk,2025-09-17T12:02:39.132Z,5.100,mww
us7000qwp2,2025-09-17T14:46:40.981Z,5.000,mb
us7000qwst,2025-09-17T20:57:47.240Z,5.400,mww
us7000qwwc,2025-09-18T08:19:01.931Z,5.300,mww
us7000qx1z,2025-09-18T18:19:49.220Z,6.000,mww
us7000qx2g,2025-09-18T18:58:14.939Z,7.800,mww
us6000rg7q,2025-09-18T19:06:06.348Z,5.200,mb
us7000qx2n,2025-09-18T19:07:47.518Z,5.400,mb
us7000qx2q,2025-09-18T19:08:19.904Z,5.800,mb
us7000qx8n,2025-09-18T19:10:48.133Z,5.300,mb
us7000qxah,2025-09-18T19:11:49.523Z,5.000,mb
us7000qx2r,2025-09-18T19:19:23.947Z,5.400,mb
us7000qx2s,2025-09-18T19:26:37.834Z,5.500,mb
us7000qx2y,2025-09-18T19:52:10.415Z,5.400,mb
us7000qx33,2025-09-18T20:03:02.493Z,5.600,mb
us7000qx8p,2025-09-18T20:06:03.763Z,5.100,mb
us7000qx3d,2025-09-18T20:17:44.835Z,5.500,mb
us7000qx41,2025-09-18T20:48:58.204Z,5.000,mb
us7000qx42,2025-09-18T20:52:43.913Z,5.300,mb
us6000rg8z,2025-09-18T20:53:25.537Z,5.200,mb
us7000qx4p,2025-09-18T21:36:41.130Z,5.200,mb
us7000qx4q,2025-09-18T21:37:55.577Z,5.700,mb
us7000qx52,2025-09-18T22:37:10.562Z,5.500,mb
us7000qx58,2025-09-18T22:53:41.772Z,5.000,mb
us7000qx5f,2025-09-18T23:14:59.697Z,5.200,mb
us7000qx5p,2025-09-19T00:22:36.086Z,5.400,mb
us7000qx5q,2025-09-19T00:25:16.667Z,5.100,mb
us7000qx5t,2025-09-19T00:48:29.540Z,5.400,mb
us7000qx60,2025-09-19T01:12:02.623Z,5.100,mb
us7000qx6g,2025-09-19T01:49:53.392Z,5.000,mb
us7000qx7a,2025-09-19T04:55:56.775Z,5.500,mww
us7000qx91,2025-09-19T09:11:56.762Z,5.400,mww
us7000qx9y,2025-09-19T11:25:06.840Z,5.100,mb
us7000qxa1,2025-09-19T11:33:03.946Z,5.000,mb
us7000qxaf,2025-09-19T12:24:58.344Z,5.000,mb
us7000qxat,2025-09-19T13:27:04.406Z,5.500,mww
us7000qxc8,2025-09-19T14:07:51.403Z,5.100,mb
us7000qxca,2025-09-19T14:23:37.226Z,5.100,mb
us7000qxcd,2025-09-19T14:55:24.833Z,5.900,mww
us6000rge8,2025-09-19T14:55:40.913Z,6.000,mb
us7000qxcq,2025-09-19T15:37:33.498Z,5.200,mb
us7000qxcr,2025-09-19T15:45:35.090Z,5.900,mww
us7000qxec,2025-09-19T17:06:38.831Z,5.200,mb
us7000qxhz,2025-09-20T01:28:36.590Z,5.100,mb
us6000rgw2,2025-09-20T01:29:52.917Z,5.000,mb
us7000qxi6,2025-09-20T02:47:49.917Z,5.100,mww
us7000qxis,2025-09-20T06:56:07.367Z,5.000,mb
us7000qxiw,2025-09-20T07:28:15.955Z,5.100,mb
us7000qxjq,2025-09-20T10:18:23.628Z,5.100,mb
us7000qxkf,2025-09-20T15:31:09.292Z,5.200,mb
us7000qxm7,2025-09-21T01:13:35.389Z,5.600,mww
us7000qxmn,2025-09-21T03:20:53.169Z,5.100,mww
us7000qxp1,2025-09-21T09:30:27.862Z,5.500,mww
us7000qxq0,2025-09-21T16:59:27.246Z,5.200,mww
us7000qxqv,2025-09-21T21:05:46.760Z,5.100,mww
us7000qxs1,2025-09-22T03:59:10.135Z,5.100,mb
us7000qxtz,2025-09-22T14:24:09.003Z,5.400,mww
us6000rc2r,2025-09-22T16:28:54.550Z,5.500,mww
us6000rhci,2025-09-22T16:29:56.307Z,5.100,mb
us6000rc2x,2025-09-22T16:32:15.120Z,5.100,mb
us6000rc3t,2025-09-22T17:13:41.569Z,5.100,mww
us6000rc4t,2025-09-22T18:18:53.733Z,5.600,mww
us6000rc4u,2025-09-22T18:31:53.036Z,5.000,mb
us6000rc55,2025-09-22T18:46:30.745Z,5.300,mww
us6000rc51,2025-09-22T18:46:39.476Z,5.100,mb
us6000rc7c,2025-09-23T01:20:36.378Z,5.100,mb
us6000rc7s,2025-09-23T03:36:49.520Z,5.200,mww
us6000rc8b,2025-09-23T05:36:33.685Z,5.100,mb
us6000rc8g,2025-09-23T06:19:45.746Z,5.000,mb
us6000rc8i,2025-09-23T06:25:26.886Z,5.200,mww
us6000rc9h,2025-09-23T12:44:38.519Z,5.200,mww
us6000rcdc,2025-09-23T17:39:19.799Z,5.600,mww
us6000rcf5,2025-09-23T21:52:15.004Z,5.000,mww
us6000rcgd,2025-09-24T04:56:59.027Z,5.200,mww
us6000rcin,2025-09-24T13:36:29.955Z,5.100,mb
us6000rcnw,2025-09-24T22:21:55.716Z,6.200,mww
us6000rcqw,2025-09-25T03:51:39.565Z,6.300,mww
us6000rcqx,2025-09-25T03:54:22.826Z,5.000,mww
us6000rcrj,2025-09-25T06:55:38.881Z,5.300,mww
us6000rcru,2025-09-25T08:42:29.155Z,5.100,mb
us6000rcrx,2025-09-25T08:53:37.644Z,5.100,mww
us6000rcry,2025-09-25T09:04:11.319Z,5.200,mww
us6000rcsa,2025-09-25T09:59:51.395Z,5.200,mb
us6000rcsb,2025-09-25T10:16:24.902Z,5.700,mww
us6000rcse,2025-09-25T10:21:20.343Z,5.300,mww
us6000rcvq,2025-09-25T17:02:09.520Z,5.100,mb
us6000rcw6,2025-09-25T17:59:35.861Z,5.200,mb
us6000rcw8,2025-09-25T18:11:43.774Z,5.300,mww
us6000rcyv,2025-09-25T23:16:52.037Z,5.400,mww
usd0013tws,2025-09-25T23:22:37.003Z,5.000,mb
us6000rd1t,2025-09-26T06:32:33.959Z,5.100,mb
us6000rd1w,2025-09-26T06:45:28.067Z,5.900,mww
us6000rd8l,2025-09-26T19:29:23.657Z,5.000,mb
us6000rd99,2025-09-26T21:49:58.787Z,5.200,mww
us6000rdal,2025-09-27T07:25:00.704Z,5.100,mb
us6000rdan,2025-09-27T08:10:48.598Z,5.500,mww
us6000rdax,2025-09-27T09:08:55.147Z,5.100,mb
us6000rdb2,2025-09-27T09:49:27.469Z,5.000,mb
us6000rdd9,2025-09-27T22:12:49.601Z,5.100,mww
us6000rdex,2025-09-28T08:53:01.242Z,5.500,mww
us6000rdf2,2025-09-28T09:59:16.543Z,5.200,mww
us6000rdfv,2025-09-28T14:25:17.642Z,5.000,mb
us6000rdgx,2025-09-28T18:41:23.414Z,5.200,mww
us6000rdjd,2025-09-29T05:57:42.019Z,5.000,mb
us6000rdnq,2025-09-29T22:07:23.711Z,5.500,mww
us6000rdp3,2025-09-29T22:48:55.474Z,5.000,mb
us6000rdrz,2025-09-30T13:59:43.328Z,6.900,mww
us6000ripe,2025-09-30T14:08:05.552Z,5.100,mb
us6000rdsd,2025-09-30T14:12:58.412Z,5.200,mb
us6000riqd,2025-09-30T14:15:58.396Z,5.200,mb
us6000rdsg,2025-09-30T14:32:59.959Z,5.000,mb
us6000rdsi,2025-09-30T14:39:39.100Z,5.000,mb
us6000rdt9,2025-09-30T16:43:08.150Z,5.000,mb
us6000rdta,2025-09-30T16:49:43.533Z,6.000,mww
us6000rdv8,2025-09-30T17:50:30.104Z,5.100,mb
us6000rdxa,2025-09-30T23:29:53.887Z,5.200,mww
us6000rdz7,2025-10-01T13:49:49.750Z,5.600,mww
us6000re08,2025-10-01T14:46:58.066Z,5.100,mww
us6000re62,2025-10-02T10:43:56.217Z,5.400,mww
us6000re6a,2025-10-02T11:55:03.928Z,5.000,mww
us6000re6q,2025-10-02T14:00:32.115Z,5.000,mb
us6000recq,2025-10-02T20:35:04.521Z,5.000,mww
us6000recz,2025-10-02T21:37:57.993Z,5.700,mww
us6000red2,2025-10-02T21:39:55.817Z,5.300,mww
us6000redb,2025-10-02T22:45:05.092Z,5.300,mww
us6000ree9,2025-10-03T02:43:57.455Z,5.200,mb
us6000reep,2025-10-03T04:17:51.706Z,5.100,mb
us6000reft,2025-10-03T06:02:38.284Z,5.100,mww
us6000refw,2025-10-03T06:16:38.083Z,5.300,mww
us6000reh2,2025-10-03T11:03:19.368Z,5.100,mb
us6000rehx,2025-10-03T15:16:01.079Z,5.100,mb
us6000rei1,2025-10-03T16:07:44.844Z,6.100,mww
us6000rj51,2025-10-03T16:09:14.656Z,5.000,mb
us6000rekc,2025-10-03T16:18:06.335Z,5.000,mb
us6000rekj,2025-10-03T16:26:52.666Z,5.200,mb
us6000ren8,2025-10-03T20:36:00.976Z,5.200,mww
us6000rerp,2025-10-04T09:02:03.232Z,5.500,mww
us6000rers,2025-10-04T09:41:18.029Z,5.000,mb
us6000resn,2025-10-04T15:21:10.042Z,5.900,mww
us6000retl,2025-10-04T17:38:01.617Z,5.200,mww
us6000revf,2025-10-05T01:34:30.366Z,5.100,mww
us6000revn,2025-10-05T01:45:43.770Z,5.100,mb
us6000revx,2025-10-05T02:22:38.888Z,5.000,mb
us6000rewb,2025-10-05T05:53:16.653Z,5.100,mww
us6000rex4,2025-10-05T09:08:15.062Z,5.200,mww
us6000reyr,2025-10-05T14:32:01.117Z,5.000,mww
us6000reyz,2025-10-05T15:08:54.631Z,5.000,mww
us6000rez1,2025-10-05T16:01:30.805Z,5.000,mb
us6000rezl,2025-10-05T19:23:17.988Z,5.100,mb
us6000rf12,2025-10-06T05:10:03.525Z,5.000,mb
us6000rf2j,2025-10-06T12:08:42.490Z,5.600,mww
us6000rf5e,2025-10-06T17:22:44.324Z,5.000,mb
us6000rf7j,2025-10-07T00:30:24.878Z,5.100,mww
us6000rfb2,2025-10-07T11:05:17.136Z,6.600,mww
us6000rfbw,2025-10-07T11:35:28.903Z,5.100,mb
us6000rfh7,2025-10-07T21:38:37.225Z,5.300,mww
us6000rfhk,2025-10-07T22:36:17.688Z,5.700,mww
us6000rfi6,2025-10-07T23:52:12.499Z,5.100,mb
us6000rfjc,2025-10-08T03:50:46.776Z,5.600,mww
us6000rfkv,2025-10-08T10:16:18.201Z,5.000,mww
us6000rfs1,2025-10-09T05:17:40.662Z,5.500,mww
us6000rft8,2025-10-09T13:22:52.334Z,5.100,mb
us6000rft9,2025-10-09T13:28:44.543Z,6.100,mww
us6000rfux,2025-10-09T14:45:07.086Z,5.100,mb
us6000rftu,2025-10-09T15:03:00.142Z,5.400,mb
us6000rfwz,2025-10-10T01:43:59.585Z,7.400,mww
us6000rkp8,2025-10-10T01:49:46.916Z,5.300,mb
us6000rknr,2025-10-10T01:50:38.743Z,5.300,mb
us6000rfx2,2025-10-10T01:51:15.525Z,5.900,mb
us6000rfye,2025-10-10T02:08:10.652Z,6.300,mww
us6000rfyw,2025-10-10T02:11:45.318Z,5.600,mb
us6000rg02,2025-10-10T03:32:16.463Z,5.500,mb
us6000rg11,2025-10-10T05:46:39.784Z,5.100,mb
us6000rg0z,2025-10-10T05:47:45.974Z,5.200,mb
us6000rg16,2025-10-10T05:48:55.559Z,5.100,mb
us6000rg1n,2025-10-10T07:24:10.705Z,5.200,mb
us6000rg28,2025-10-10T09:43:31.962Z,5.200,mb
us6000rg29,2025-10-10T09:43:40.712Z,5.400,mww
us6000rg2b,2025-10-10T10:01:02.246Z,5.100,mb
us6000rg2a,2025-10-10T10:02:51.532Z,5.400,mb
us6000rg2h,2025-10-10T10:20:32.735Z,5.000,mb
us6000rg2r,2025-10-10T11:12:05.407Z,6.700,mww
us6000rg2s,2025-10-10T11:16:01.408Z,5.600,mb
us6000rg47,2025-10-10T11:48:00.739Z,5.100,mb
us6000rg4m,2025-10-10T12:49:38.214Z,5.100,mb
us6000rgf4,2025-10-10T20:29:20.075Z,7.600,mww
us6000rgga,2025-10-10T21:13:47.768Z,5.000,mb
us6000rgge,2025-10-10T21:28:42.322Z,5.700,mb
us6000rggf,2025-10-10T21:34:22.633Z,5.400,mb
us6000rggi,2025-10-10T22:20:47.659Z,5.000,mb
us6000rghy,2025-10-11T03:08:44.747Z,5.700,mb
us6000rgi0,2025-10-11T03:18:16.154Z,5.200,mb
us6000rgil,2025-10-11T08:06:44.303Z,5.500,mb
us6000rgiz,2025-10-11T09:32:13.084Z,5.000,mb
us6000rgj4,2025-10-11T10:27:20.842Z,5.500,mww
us6000rgjt,2025-10-11T12:25:56.543Z,5.800,mww
us6000rgk9,2025-10-11T13:07:59.404Z,5.600,mb
us6000rgkr,2025-10-11T14:32:59.312Z,6.000,mww
us6000rgl9,2025-10-11T16:01:59.301Z,5.200,mww
us6000rglb,2025-10-11T16:18:25.614Z,5.600,mww
us6000rglt,2025-10-11T18:29:36.206Z,5.000,mb
us6000rgm5,2025-10-11T19:29:07.577Z,5.000,mww
us6000rgnr,2025-10-12T03:00:35.575Z,5.000,mb
us6000rgrd,2025-10-12T17:05:59.511Z,5.800,mww
us6000rgt9,2025-10-13T01:09:45.120Z,5.100,mb
us6000rgst,2025-10-13T01:10:17.001Z,5.500,mb
us6000rguc,2025-10-13T09:10:31.800Z,5.000,mb
us6000rgul,2025-10-13T11:11:00.607Z,5.900,mww
us6000rgz6,2025-10-14T02:00:11.014Z,5.500,mww
us6000rh4q,2025-10-14T17:10:17.378Z,5.200,mww
us6000rh65,2025-10-14T19:32:41.595Z,5.300,mww
us6000rh8c,2025-10-15T05:57:03.021Z,5.000,mww
us6000rh9c,2025-10-15T10:22:09.350Z,5.400,mww
us6000rh9m,2025-10-15T11:43:39.780Z,5.600,mww
us6000rha2,2025-10-15T13:07:01.330Z,5.400,mww
us6000rhf2,2025-10-16T01:42:32.311Z,6.300,mww
us6000rhfe,2025-10-16T02:45:36.399Z,5.200,mww
us6000rhfx,2025-10-16T04:49:55.461Z,5.100,mb
us6000rhg5,2025-10-16T05:48:52.788Z,6.400,mww
us6000rhk2,2025-10-16T16:01:45.966Z,5.000,mb
us6000rhke,2025-10-16T17:03:01.372Z,5.000,mww
us6000rhnm,2025-10-16T22:10:23.971Z,5.000,mb
us6000rhns,2025-10-16T23:03:12.673Z,6.000,mww
us6000rhnu,2025-10-16T23:07:17.460Z,5.100,mb
us6000rhpx,2025-10-17T01:25:58.118Z,5.100,mww
us6000rhqe,2025-10-17T04:13:07.501Z,5.100,mww
us6000rhr9,2025-10-17T08:14:09.798Z,5.100,mb
us6000rhs3,2025-10-17T12:15:03.739Z,5.500,mww
us6000rhss,2025-10-17T15:48:49.564Z,5.100,mww
us6000ri11,2025-10-18T12:31:31.933Z,5.400,mww
us6000ri22,2025-10-18T17:57:14.117Z,5.100,mww
us6000ri34,2025-10-19T01:34:50.816Z,5.100,mww
us6000ri4c,2025-10-19T07:23:43.782Z,5.000,mww
us6000ri4e,2025-10-19T07:28:19.118Z,5.000,mb
us6000ri4w,2025-10-19T09:55:45.249Z,5.000,mb
us6000ri5v,2025-10-19T13:59:34.282Z,5.000,mb
us6000ri6i,2025-10-19T17:14:20.557Z,5.300,mww
us6000ri7x,2025-10-19T23:35:55.486Z,5.000,mb
us6000ri9x,2025-10-20T11:35:50.891Z,5.800,mww
us6000ribj,2025-10-20T16:16:48.368Z,5.100,mww
us6000ricg,2025-10-20T19:04:06.258Z,5.100,mww
us6000rid2,2025-10-20T22:30:30.117Z,5.000,mb
us6000rie8,2025-10-21T03:47:29.769Z,5.000,mb
us6000rii9,2025-10-21T18:11:08.673Z,5.200,mb
us6000riia,2025-10-21T18:14:48.925Z,5.100,mww
us6000riiz,2025-10-21T20:02:05.120Z,5.100,mww
us6000rik5,2025-10-21T23:37:08.496Z,5.100,mww
us6000rik7,2025-10-22T00:05:44.495Z,5.500,mww
us6000ril5,2025-10-22T03:57:05.548Z,5.900,mww
us6000rimh,2025-10-22T09:07:14.024Z,5.000,mb
us6000risn,2025-10-23T02:31:28.443Z,5.600,mww
us6000rit3,2025-10-23T04:07:01.551Z,5.200,mb
us6000ritz,2025-10-23T05:20:39.538Z,5.200,mb
us6000riuj,2025-10-23T11:46:09.743Z,5.600,mww
us6000rivm,2025-10-23T14:25:13.218Z,5.000,mb
us6000rj1k,2025-10-24T01:26:50.939Z,5.100,mb
us6000rj23,2025-10-24T04:46:35.220Z,5.100,mb
us6000rj2t,2025-10-24T08:31:40.985Z,5.000,mww
us6000rj79,2025-10-24T16:05:39.473Z,5.000,mb
us6000rj9f,2025-10-24T16:40:09.289Z,5.700,mww
us6000rje7,2025-10-25T06:34:01.147Z,5.300,mww
us6000rjf1,2025-10-25T11:13:08.373Z,5.300,mww
us6000rjf6,2025-10-25T11:45:23.099Z,5.200,mb
us6000rjgf,2025-10-25T16:31:14.178Z,5.300,mww
us6000rjgm,2025-10-25T17:29:35.799Z,5.200,mww
us6000rnb7,2025-10-25T17:35:44.687Z,5.100,mb
us6000rjhm,2025-10-25T23:28:02.544Z,6.000,mww
us6000rjhy,2025-10-26T00:25:55.991Z,5.000,mb
us6000rjkv,2025-10-26T17:04:25.617Z,6.200,mww
us6000rjnc,2025-10-26T23:47:25.131Z,5.100,mww
us6000rjq8,2025-10-27T12:38:40.364Z,6.500,mww
us6000rnt6,2025-10-27T12:46:27.773Z,5.200,mb
us6000rjqj,2025-10-27T12:54:59.210Z,5.700,mww
us6000rjr7,2025-10-27T13:26:51.532Z,5.400,mww
us6000rjri,2025-10-27T14:29:33.501Z,5.300,mb
us6000rjsu,2025-10-27T19:48:28.767Z,6.000,mww
us6000rjtw,2025-10-27T23:35:13.410Z,5.100,mb
us6000rju9,2025-10-28T01:31:20.938Z,5.100,mww
us6000rjvf,2025-10-28T07:06:24.029Z,5.600,mww
us6000rjwa,2025-10-28T09:13:49.575Z,5.000,mb
us6000rjx3,2025-10-28T14:40:18.481Z,6.400,mww
us6000rk4f,2025-10-29T06:16:45.105Z,5.500,mww
us6000rk4j,2025-10-29T06:56:35.236Z,5.100,mb
us6000rk5r,2025-10-29T14:00:23.094Z,5.400,mww
us6000rk65,2025-10-29T16:46:29.853Z,5.400,mww
us6000rkbr,2025-10-30T06:39:41.610Z,5.000,mb
us6000rkbx,2025-10-30T08:04:01.721Z,5.000,mb
us6000rkc0,2025-10-30T08:52:04.371Z,5.500,mww
ak025dxe5mlz,2025-10-30T17:33:14.566Z,5.400,ml
us6000rkpc,2025-10-31T17:56:41.556Z,5.400,mww
us6000rksu,2025-10-31T19:30:18.479Z,5.200,mb
us6000rktg,2025-10-31T20:53:24.349Z,5.900,mww
us6000rkum,2025-10-31T21:21:08.242Z,5.000,mb
us6000rkup,2025-10-31T21:27:48.004Z,5.100,mb
us6000rkvx,2025-11-01T01:16:57.309Z,5.000,mb
us6000rkw7,2025-11-01T01:51:23.344Z,5.200,mb
us6000rkx8,2025-11-01T09:50:00.121Z,5.000,mww
us6000rkyf,2025-11-01T19:03:56.053Z,5.000,mb
us6000rkzk,2025-11-02T00:16:31.006Z,5.000,mb
us6000rkzu,2025-11-02T03:09:18.444Z,5.200,mww
us6000rpke,2025-11-02T18:40:20.790Z,5.300,mww
us6000rl2n,2025-11-02T19:06:53.955Z,5.500,mww
us6000rl31,2025-11-02T20:29:02.008Z,6.200,mww
us6000rl3f,2025-11-02T22:10:14.010Z,5.000,mb
us6000rl3p,2025-11-02T23:19:30.235Z,5.000,mb
us6000rl49,2025-11-03T03:55:06.851Z,5.200,mb
us6000rl4e,2025-11-03T04:21:25.957Z,5.300,mww
us6000rpls,2025-11-03T04:22:50.570Z,5.100,mb
us6000rl55,2025-11-03T07:10:24.638Z,5.900,mww
us6000rpn4,2025-11-03T07:11:14.515Z,5.700,mb
us6000rl5i,2025-11-03T08:44:43.281Z,6.100,mww
us6000rl63,2025-11-03T11:33:59.935Z,5.000,mb
us6000rl65,2025-11-03T11:37:48.795Z,5.100,mb
us6000rl6n,2025-11-03T12:35:37.219Z,5.000,mww
us6000rl7b,2025-11-03T15:51:54.851Z,5.500,mww
us6000rl7l,2025-11-03T16:54:23.256Z,5.100,mb
us6000rl85,2025-11-03T19:16:04.637Z,5.200,mww
us6000rl8b,2025-11-03T19:38:53.920Z,5.300,mww
us6000rlb7,2025-11-04T03:20:53.547Z,5.100,mb
us6000rlbb,2025-11-04T03:36:05.768Z,5.100,mb
us6000rlbe,2025-11-04T03:45:09.865Z,5.900,mww
us6000rlbf,2025-11-04T03:58:16.679Z,5.300,mb
us6000rlbm,2025-11-04T04:45:28.458Z,5.500,mww
us6000rlmj,2025-11-04T04:47:07.619Z,5.100,mb
us6000rlbr,2025-11-04T05:13:04.931Z,5.000,mb
us6000rlbt,2025-11-04T05:14:41.868Z,5.000,mb
us6000rlc2,2025-11-04T05:29:34.232Z,5.000,mb
us6000rlc6,2025-11-04T06:28:23.703Z,5.400,mww
us6000rlcd,2025-11-04T07:37:22.906Z,6.000,mww
us6000rlev,2025-11-04T15:58:26.848Z,5.200,mww
us6000rli8,2025-11-04T21:29:35.935Z,5.000,mb
us6000rlik,2025-11-04T23:28:59.236Z,6.000,mww
us6000rlim,2025-11-04T23:32:22.984Z,5.900,mww
us6000rlji,2025-11-04T23:49:27.228Z,5.700,mww
us6000rlk8,2025-11-05T00:33:04.808Z,5.100,mb
us6000rlkl,2025-11-05T01:48:31.492Z,5.000,mb
us6000rls2,2025-11-05T22:03:47.470Z,5.600,mww
us6000rm25,2025-11-07T08:05:33.696Z,5.100,mww
us6000rm2p,2025-11-07T12:04:30.070Z,5.600,mww
us6000rm79,2025-11-07T23:21:00.299Z,5.000,mb
us6000rm7z,2025-11-08T04:15:03.680Z,5.600,mww
us6000rmag,2025-11-08T20:29:18.808Z,5.200,mww
us6000rmai,2025-11-08T21:04:17.334Z,5.400,mww
us6000rmat,2025-11-08T22:02:16.834Z,5.000,mb
us6000rmaw,2025-11-08T22:15:08.771Z,5.600,mww
us6000rmb3,2025-11-08T22:33:49.134Z,5.100,mww
us6000rmbc,2025-11-09T00:17:30.660Z,5.100,mww
us6000rmdj,2025-11-09T06:38:31.475Z,5.400,mww
us6000rmea,2025-11-09T08:03:39.367Z,6.800,mww
us7000redx,2025-11-09T08:07:56.065Z,5.300,mb
us6000rmee,2025-11-09T08:11:25.423Z,5.500,mb
us6000rmed,2025-11-09T08:14:52.924Z,5.900,mww
us6000rmeh,2025-11-09T08:34:01.979Z,5.600,mww
us6000rmen,2025-11-09T08:49:50.012Z,5.200,mb
us6000rmep,2025-11-09T08:54:36.914Z,6.400,mww
us6000rmet,2025-11-09T09:10:47.434Z,5.400,mww
us6000rmf3,2025-11-09T09:16:57.896Z,5.000,mb
us6000rmex,2025-11-09T09:28:24.098Z,5.700,mww
us6000rmf1,2025-11-09T09:52:43.025Z,5.100,mb
us6000rmfd,2025-11-09T11:11:24.828Z,5.200,mb
us6000rmfg,2025-11-09T11:13:48.507Z,5.300,mb
us6000rmge,2025-11-09T15:21:36.384Z,5.600,mww
us6000rmgi,2025-11-09T15:46:46.570Z,5.000,mb
us6000rmi6,2025-11-09T22:04:14.977Z,5.100,mww
us6000rmia,2025-11-09T22:53:38.316Z,5.300,mww
us6000rmj3,2025-11-10T01:20:51.276Z,5.300,mww
us6000rmjg,2025-11-10T03:00:18.485Z,5.400,mww
us6000rmjr,2025-11-10T05:00:48.113Z,5.100,mb
us6000rmk1,2025-11-10T07:22:15.032Z,5.100,mb
us6000rmk2,2025-11-10T07:23:17.302Z,6.000,mww
us6000rmkf,2025-11-10T09:58:59.310Z,5.100,mww
us6000rmki,2025-11-10T10:49:30.720Z,5.400,mww
us6000rmuu,2025-11-11T21:23:31.019Z,5.100,mb
us6000rmvh,2025-11-12T00:29:22.782Z,5.300,mww
us6000rmwc,2025-11-12T03:23:34.193Z,5.100,mb
us6000rmwh,2025-11-12T04:23:02.075Z,5.000,mb
us6000rmwv,2025-11-12T06:03:29.115Z,5.700,mww
us6000rmxj,2025-11-12T09:31:27.046Z,5.200,mww
us6000rmxz,2025-11-12T12:02:22.878Z,5.100,mb
us6000rmyh,2025-11-12T14:23:31.181Z,5.300,mww
us6000rn27,2025-11-13T03:31:02.291Z,5.100,mb
us6000rn4x,2025-11-13T09:41:29.102Z,5.700,mww
us6000rn50,2025-11-13T19:58:01.308Z,5.200,mww
us6000rn6f,2025-11-14T00:45:57.884Z,5.000,mb
us6000rn8e,2025-11-14T11:33:42.700Z,5.100,mww
us6000rnd3,2025-11-14T19:09:04.006Z,5.700,mww
us6000rneu,2025-11-15T05:33:30.479Z,5.300,mww
us6000rnf6,2025-11-15T06:13:57.714Z,5.000,mww
us6000rnm8,2025-11-16T18:48:43.391Z,5.100,mb
us6000rnmz,2025-11-16T21:39:14.924Z,5.000,mb
us6000rnmy,2025-11-16T21:44:09.573Z,5.200,mww
us6000rnnl,2025-11-17T00:46:17.686Z,5.000,mb
us6000rnq7,2025-11-17T09:48:32.062Z,5.100,mb
us6000rnql,2025-11-17T12:12:37.099Z,5.300,mww
us6000rnrz,2025-11-17T17:23:03.435Z,5.200,mww
us6000rntu,2025-11-17T19:06:33.260Z,5.200,mww
us6000rnxp,2025-11-18T15:35:29.938Z,5.300,mww
us6000rp1a,2025-11-18T22:36:33.063Z,5.500,mww
us6000rp2d,2025-11-19T01:38:54.364Z,5.000,mww
us6000rp2h,2025-11-19T02:23:19.086Z,5.000,mb
us6000rp3h,2025-11-19T06:39:00.968Z,5.000,mww
us6000rp8k,2025-11-19T21:45:23.021Z,5.000,mb
us6000rp9f,2025-11-20T01:06:48.241Z,5.100,mb
us6000rpa3,2025-11-20T04:19:54.661Z,5.100,mb
us6000rpai,2025-11-20T06:59:44.526Z,5.800,mww
us6000rpc0,2025-11-20T12:50:01.643Z,5.400,mww
us6000rpcc,2025-11-20T14:59:30.824Z,5.300,mww
us6000rpcg,2025-11-20T15:55:40.331Z,5.000,mb
us6000rpgr,2025-11-20T23:36:07.747Z,5.100,mww
us6000rpht,2025-11-21T04:38:28.942Z,5.400,mww
us6000rpja,2025-11-21T12:22:04.100Z,5.500,mww
us6000rpjb,2025-11-21T12:37:59.521Z,5.600,mww
us6000rpql,2025-11-21T22:38:09.841Z,5.600,mww
us6000rpvb,2025-11-22T18:41:20.057Z,5.100,mww
us6000rpwf,2025-11-23T03:19:55.907Z,5.300,mww
us6000rpwk,2025-11-23T04:39:22.415Z,5.300,mww
us6000rpxa,2025-11-23T08:21:44.503Z,5.500,mww
us6000rq2x,2025-11-23T12:21:17.620Z,5.500,mww
us6000rq2y,2025-11-23T12:53:53.450Z,5.400,mww
us6000rq0u,2025-11-24T02:21:02.818Z,5.300,mww
us6000rq27,2025-11-24T09:45:57.072Z,5.000,mb
us7000rdlm,2025-11-25T04:47:29.770Z,5.300,mww
us7000rdlr,2025-11-25T04:53:20.283Z,5.000,mb
us7000rdmh,2025-11-25T09:01:17.570Z,5.300,mww
us7000rdmx,2025-11-25T10:45:18.212Z,5.400,mww
us7000rdre,2025-11-25T17:16:20.791Z,5.000,mww
us7000rdv0,2025-11-26T02:59:12.335Z,5.000,mb
us7000rdxu,2025-11-26T16:43:57.594Z,5.000,mb
us7000rdze,2025-11-26T18:03:50.583Z,5.200,mww
us7000rdzw,2025-11-26T19:54:23.764Z,5.000,mb
us7000re14,2025-11-26T23:00:42.628Z,5.000,mb
us7000re2g,2025-11-27T04:56:24.368Z,6.400,mww
ak2025xjbvhj,2025-11-27T17:11:29.059Z,6.000,mww
us7000rea0,2025-11-28T03:30:09.169Z,5.600,mww
us7000reab,2025-11-28T05:18:27.170Z,5.300,mww
us7000ree1,2025-11-28T13:29:34.628Z,5.000,mb
us7000rehl,2025-11-28T20:06:08.384Z,5.800,mww
us7000reih,2025-11-28T22:46:29.696Z,5.300,mb
us7000rejk,2025-11-29T03:34:07.310Z,5.000,mww
us7000rejp,2025-11-29T04:20:40.436Z,5.100,mww
us7000rek7,2025-11-29T06:04:59.183Z,5.100,mww
us7000rekp,2025-11-29T08:03:53.203Z,5.900,mww
us7000relb,2025-11-29T11:50:03.912Z,5.000,mb
us7000rena,2025-11-29T22:47:50.658Z,5.800,mww
us7000renh,2025-11-29T23:42:46.026Z,5.300,mww
us7000reqc,2025-11-30T10:05:29.877Z,5.300,mww
us7000reqv,2025-11-30T12:18:13.489Z,5.000,mb
us7000reya,2025-12-01T20:05:12.930Z,5.100,mww
us7000rez4,2025-12-01T22:21:07.810Z,5.100,mww
us7000rezc,2025-12-01T23:08:04.871Z,5.200,mww
us7000rf0s,2025-12-02T05:13:57.568Z,5.000,mww
us7000rf12,2025-12-02T07:34:30.673Z,5.200,mww
us7000rf19,2025-12-02T10:03:05.574Z,5.000,mwr
us7000rf1g,2025-12-02T11:10:39.290Z,5.100,mww
us7000rf1l,2025-12-02T13:16:24.210Z,5.100,mb
us6000rs3k,2025-12-02T23:35:28.675Z,5.600,mww
us6000rs80,2025-12-03T16:42:27.392Z,5.000,mb
us7000rfg1,2025-12-04T03:12:08.064Z,5.500,mww
us7000rfg3,2025-12-04T03:14:35.540Z,5.100,mb
us7000rfg4,2025-12-04T03:45:06.323Z,5.200,mww
us7000rfg6,2025-12-04T04:23:11.091Z,5.000,mb
us7000rfg8,2025-12-04T04:31:45.462Z,5.200,mb
us7000rfgy,2025-12-04T07:44:06.341Z,5.800,mww
us7000rfi4,2025-12-04T12:35:56.282Z,5.100,mb
us7000rflu,2025-12-04T19:13:00.752Z,5.300,mb
us7000rfr9,2025-12-05T10:50:20.258Z,5.200,mww
us6000rsti,2025-12-05T19:33:40.764Z,5.500,mww
us6000rstu,2025-12-05T20:42:19.305Z,5.100,mb
us6000rsuv,2025-12-06T00:44:34.405Z,5.100,mb
us6000rsv5,2025-12-06T02:10:26.110Z,5.100,mb
us6000rsx7,2025-12-06T15:12:19.159Z,5.100,mb
us6000rsy1,2025-12-06T20:41:49.288Z,7.000,mww
us6000rsy4,2025-12-06T20:46:10.622Z,5.200,mb
ak2025xzwrbu,2025-12-06T20:51:52.900Z,5.088,ml
us6000rt18,2025-12-07T02:06:29.937Z,5.100,mb
us6000rt1y,2025-12-07T04:20:37.162Z,5.200,mww
us6000rt26,2025-12-07T04:55:53.661Z,5.200,mb
us6000rt4z,2025-12-07T12:16:14.872Z,5.200,mb
us7000rke3,2025-12-07T12:16:33.041Z,5.500,mww
us6000rt68,2025-12-07T16:34:10.157Z,5.600,mww
us6000rt9a,2025-12-07T23:50:34.471Z,5.100,mww
us6000rt9w,2025-12-08T00:56:50.321Z,5.800,mww
us6000rta5,2025-12-08T01:32:21.643Z,5.000,mww
us6000rtch,2025-12-08T10:21:33.892Z,5.100,mww
us6000rtcw,2025-12-08T11:24:54.434Z,5.200,mww
us6000rtdj,2025-12-08T13:18:26.796Z,5.000,mww
us6000rtdt,2025-12-08T14:15:09.896Z,7.600,mww
us6000rtdz,2025-12-08T14:33:39.631Z,5.500,mb
us6000rtee,2025-12-08T15:57:56.368Z,5.000,mb
us6000rtg8,2025-12-08T18:41:15.496Z,5.500,mb
us6000rtgd,2025-12-08T18:56:28.302Z,6.000,mww
us7000rmts,2025-12-08T19:01:10.789Z,5.100,mb
us6000rthp,2025-12-08T20:31:36.800Z,5.000,mb
us6000rtie,2025-12-08T21:52:41.325Z,6.600,mww
us6000rtin,2025-12-08T22:07:18.802Z,5.000,mb
us6000rtj4,2025-12-08T23:59:06.545Z,5.600,mb
us6000rtji,2025-12-09T00:37:07.377Z,5.300,mb
us6000rtk2,2025-12-09T03:08:56.832Z,5.200,mb
us6000rtkx,2025-12-09T07:02:53.594Z,5.200,mww
us6000rtld,2025-12-09T09:09:47.904Z,5.000,mww
us6000rtln,2025-12-09T10:12:35.083Z,5.000,mww
us6000rtql,2025-12-09T20:31:15.801Z,5.000,mb
us6000rtqr,2025-12-09T21:00:19.784Z,5.300,mww
us6000rttx,2025-12-10T06:38:26.810Z,5.200,mww
us6000rtuk,2025-12-10T08:27:08.561Z,5.500,mww
us6000rtvs,2025-12-10T13:30:15.673Z,5.100,mb
us6000rtw5,2025-12-10T14:52:24.118Z,5.700,mww
us6000ru41,2025-12-11T11:59:21.849Z,5.100,mb
us6000ru9w,2025-12-11T22:08:08.665Z,5.100,mb
us6000ru9z,2025-12-11T22:09:19.485Z,5.000,mww
us6000ruay,2025-12-12T00:25:26.009Z,5.000,mb
us6000ruc4,2025-12-12T02:44:12.841Z,6.700,mww
us6000rucc,2025-12-12T03:21:39.359Z,5.300,mww
us6000ruex,2025-12-12T13:56:01.327Z,5.100,mb
us6000rufh,2025-12-12T15:34:27.382Z,5.000,mb
us6000ruhx,2025-12-12T17:43:14.444Z,5.200,mww
us6000ruih,2025-12-12T19:03:12.415Z,5.300,mww
us6000rumi,2025-12-13T10:51:00.036Z,5.500,mww
us6000run8,2025-12-13T12:18:45.823Z,5.400,mww
us6000runq,2025-12-13T14:04:33.132Z,5.000,mb
us6000rur4,2025-12-14T00:58:15.106Z,5.200,mb
us6000rush,2025-12-14T07:58:11.223Z,5.000,mb
us6000rusr,2025-12-14T09:44:42.164Z,5.400,mww
us6000rut1,2025-12-14T12:03:27.070Z,5.100,mb
us6000ruvy,2025-12-15T00:43:14.974Z,5.300,mb
us6000ruxv,2025-12-15T08:11:16.123Z,5.300,mww
us6000rv1u,2025-12-15T19:33:07.552Z,5.700,mww
us6000rv2c,2025-12-15T19:48:31.030Z,5.000,mb
us6000rv4q,2025-12-15T23:06:12.207Z,5.600,mww
us6000rv5e,2025-12-15T23:41:47.437Z,5.400,mww
us6000rv85,2025-12-16T05:38:51.412Z,5.100,mww
us6000rv8z,2025-12-16T09:18:45.057Z,5.200,mww
us6000rv9p,2025-12-16T13:44:15.042Z,5.100,mb
us6000rv9r,2025-12-16T13:45:24.885Z,5.000,mb
us6000rvd5,2025-12-16T23:34:14.658Z,5.100,mb
us6000rvd3,2025-12-16T23:35:25.281Z,5.000,mww
us6000rve6,2025-12-17T01:44:10.829Z,5.200,mww
us6000rvfq,2025-12-17T09:50:18.556Z,5.000,mb
us6000rvhe,2025-12-17T17:05:57.315Z,5.600,mww
us6000rvhm,2025-12-17T17:23:28.291Z,5.400,mww
us6000rvkd,2025-12-17T22:30:07.077Z,5.000,mww
us6000rvkl,2025-12-17T23:07:46.062Z,5.600,mww
us6000rvl8,2025-12-18T01:59:32.447Z,5.200,mww
us6000rvmc,2025-12-18T05:30:17.659Z,5.000,mb
us6000rvmn,2025-12-18T07:27:44.896Z,5.500,mww
us6000rvnm,2025-12-18T12:37:19.411Z,5.900,mww
us7000rp7d,2025-12-18T20:09:34.139Z,5.200,mww
us6000rvwy,2025-12-19T04:02:35.982Z,5.200,mb
us6000rvx4,2025-12-19T05:00:18.291Z,5.700,mww
us6000rvxc,2025-12-19T05:39:10.142Z,5.300,mww
us6000rw3h,2025-12-19T21:59:54.472Z,5.100,mww
us6000rw5u,2025-12-20T06:57:09.754Z,5.600,mww
us6000rw6a,2025-12-20T10:25:03.976Z,5.300,mww
us6000rw6b,2025-12-20T10:33:26.018Z,5.000,mww
us6000rw6m,2025-12-20T12:30:27.992Z,5.200,mww
us6000rw6s,2025-12-20T12:58:54.590Z,5.200,mb
us6000rw89,2025-12-20T20:30:24.856Z,5.300,mww
us6000rw90,2025-12-21T00:22:24.035Z,5.000,mb
us6000rw94,2025-12-21T01:29:03.535Z,5.400,mww
us6000rw9k,2025-12-21T02:05:38.318Z,5.100,mb
us6000rwa0,2025-12-21T03:47:59.694Z,5.200,mww
us6000rwbj,2025-12-21T03:52:40.794Z,5.000,mb
us6000rwa3,2025-12-21T04:02:09.714Z,5.100,mb
us6000rwa4,2025-12-21T04:03:42.576Z,5.000,mb
us6000rwai,2025-12-21T05:25:25.421Z,5.200,mww
us6000rwaw,2025-12-21T06:58:47.794Z,5.100,mb
us6000rwbl,2025-12-21T12:21:45.837Z,5.500,mww
us6000rwby,2025-12-21T13:12:47.995Z,5.000,mww
us6000rwcs,2025-12-21T17:53:56.743Z,5.600,mww
us6000rwea,2025-12-21T23:07:31.508Z,5.300,mww
us6000rwex,2025-12-22T02:20:23.312Z,5.300,mww
us6000rwgh,2025-12-22T10:31:27.918Z,6.500,mww
us7000rkas,2025-12-23T04:32:34.098Z,5.100,mb
us7000rkbm,2025-12-23T09:44:22.202Z,5.200,mww
us7000rkbp,2025-12-23T09:54:54.368Z,5.200,mww
us7000rkc5,2025-12-23T12:16:25.803Z,5.000,mb
us7000rkfp,2025-12-23T20:41:57.853Z,5.600,mww
us7000rkjm,2025-12-24T09:47:06.669Z,6.000,mww
us7000rkke,2025-12-24T13:33:57.678Z,5.000,mb
us7000rkkk,2025-12-24T15:00:35.494Z,5.700,mww
us7000rkmg,2025-12-24T22:37:31.211Z,5.000,mww
us7000rkmf,2025-12-24T22:37:32.484Z,5.100,mww
us7000rkpd,2025-12-25T08:14:47.433Z,5.000,mb
us7000rkpt,2025-12-25T09:57:14.894Z,5.000,mww
us7000rkqm,2025-12-25T16:17:41.763Z,5.600,mww
us7000rkup,2025-12-26T04:44:01.248Z,5.100,mb
us7000rkvc,2025-12-26T08:36:07.520Z,5.600,mww
us7000rkyq,2025-12-26T23:02:24.826Z,5.200,mb
us7000rkyz,2025-12-27T00:22:34.022Z,5.400,mww
us7000rkzt,2025-12-27T01:10:11.630Z,5.100,mww
us7000rl0a,2025-12-27T02:25:16.091Z,5.100,mb
us7000rl1p,2025-12-27T10:40:49.838Z,5.600,mww
us7000rl2n,2025-12-27T15:05:55.388Z,6.600,mww
us7000rl57,2025-12-28T02:51:49.922Z,6.200,mww
us7000rl5k,2025-12-28T04:36:21.740Z,5.100,mb
us7000rl9j,2025-12-28T23:19:55.859Z,5.000,mb
us7000rlc8,2025-12-29T11:40:07.886Z,5.100,mb
us7000rlfw,2025-12-30T04:16:17.852Z,5.100,mww
us7000rlha,2025-12-30T08:12:24.579Z,5.500,mww
us7000rlhy,2025-12-30T10:17:19.055Z,5.100,mww
us7000rli5,2025-12-30T11:22:07.914Z,5.100,mb
us7000rlkk,2025-12-30T20:26:04.069Z,5.300,mww
us7000rln0,2025-12-31T04:00:27.676Z,5.100,mww
us7000rlq2,2025-12-31T13:51:07.356Z,5.000,mb
us7000rlq3,2025-12-31T14:26:57.992Z,6.000,mww
